Title,Description,Image URL,Affiliate URL,Slug,Category,Created At
"2020 Apple MacBook Air Laptop: Apple M1 Chip, 13” Retina Display, 8GB RAM, 256GB SSD Storage, Backlit Keyboard, FaceTime HD Camera, Touch ID. Works with iPhone/iPad; Silver","Experience an all-day battery life of up to 18 hours with this 2020 Apple MacBook Air Laptop. The machine boasts an 8-core CPU that provides up to 3.5x faster performance, coupled with 8GB of unified memory for a speedy and responsive system. It features a 13.3 inch Retina display, delivering sharp text and vibrant colors for a more realistic image. It's also compatible with all your existing apps including Adobe Creative Cloud, Microsoft 365, and Google Drive.",https://m.media-amazon.com/images/I/71TPda7cwUL._AC_SX342_.jpg,https://www.amazon.com/dp/B08N5KWB9H?tag=trueessent001-20,2020-apple-macbook-air-laptop-apple-m1-chip-13-retina-display-8gb-ram-256gb-ssd-storage-backlit-keyboard-facetime-hd-camera-touch-id-works-with-iphoneipad-silver,,6/11/2025 9:23pm
"Apple iPhone 11, 64GB, Black - Unlocked (Renewed)","This renewed iPhone 11 is not just a phone, but a gateway to a world of convenience as it is unlocked and compatible with any carrier on GSM and CDMA networks, such as AT&T, T-Mobile, Sprint, Verizon, US Cellular, Cricket, Metro, Tracfone, Mint Mobile, etc. Our testing guarantees a minimum battery capacity of 80%, ensuring a robust performance. The phone has successfully passed a full diagnostic test, ensuring like-new functionality and removal of any prior-user personal information.",https://m.media-amazon.com/images/I/61MG3m5FhIL._AC_SY445_.jpg,https://www.amazon.com/dp/B07ZPKN6YR?tag=trueessent001-20,apple-iphone-11-64gb-black---unlocked-renewed,,6/11/2025 9:23pm
"Surge Protector Power Strip - HANYCONY 8 Outlets 4 USB (2 USB C) Charging Ports, Multi Plug Outlet Extender, 5Ft Braided Extension Cord, Flat Plug Wall Mount Desk Charging Station for Home Office ETL","This 3-side design power strip provides wide space for accommodating large adapters without blocking other outlets. It features two USB C ports for faster charging and overload surge protection to safeguard your appliances from electrical surges. The product also comes with a 5ft braided extension cord and a flat plug for easy installation in tight spaces. The power strip is RoHS and ETL certified, ensuring safety and durability.",https://m.media-amazon.com/images/I/61q9hmplGFL._AC_SX466_.jpg,https://www.amazon.com/dp/B092J8LPWR?tag=trueessent001-20,surge-protector-power-strip---hanycony-8-outlets-4-usb-2-usb-c-charging-ports-multi-plug-outlet-extender-5ft-braided-extension-cord-flat-plug-wall-mount-desk-charging-station-for-home-office-etl,,6/11/2025 9:23pm
"Rain-X 820149 WeatherBeater Wiper Blades, 22"" Windshield Wipers (Pack of 2), Automotive Replacement Windshield Wiper Blades That Meet Or Exceed OEM Quality And Durability","The Rain-X 820149 WeatherBeater Wiper Blades are a pair of 22-inch windshield wipers designed to meet or exceed all original equipment manufacturers' standards for quality and durability. They come with a pre-installed multi-adapter, making them easy to install on most vehicles. The blades are made from all-natural rubber squeegee that resists cracking, splitting, and tearing caused by various weather conditions and road salt. Built with a galvanized steel frame, these wipers provide long-lasting strength and prevent rust and corrosion. They ensure improved driving visibility and safety with even pressure distribution across the blade.","https://m.media-amazon.com/images/I/71g+-iAW9YL._AC_SX466_PIbundle-2,TopRight,0,0_SH20_.jpg",https://www.amazon.com/dp/B084CVBJDF?tag=trueessent001-20,rain-x-820149-weatherbeater-wiper-blades-22-windshield-wipers-pack-of-2-automotive-replacement-windshield-wiper-blades-that-meet-or-exceed-oem-quality-and-durability,Automotive,6/11/2025 9:23pm
"Apple AirPods 4 Wireless Earbuds, Bluetooth Headphones, Personalized Spatial Audio, Sweat and Water Resistant, USB-C Charging Case, H2 Chip, Up to 30 Hours of Battery Life, Effortless Setup for iPhone","The Apple AirPods 4 offer an unrivaled listening experience with personalized spatial audio and dynamic head tracking. Redesigned for comfort and stability, these earbuds feature an Apple-designed H2 chip for improved sound and call quality, including voice isolation in loud conditions. Use Siri for hands-free control, and enjoy up to 30 hours of listening time with the USB-C charging case. These earbuds are also sweat and water resistant, perfect for use during workouts or in the rain.",https://m.media-amazon.com/images/I/61iBtxCUabL._AC_SX522_.jpg,https://www.amazon.com/dp/B0DGHMNQ5Z?tag=trueessent001-20,apple-airpods-4-wireless-earbuds-bluetooth-headphones-personalized-spatial-audio-sweat-and-water-resistant-usb-c-charging-case-h2-chip-up-to-30-hours-of-battery-life-effortless-setup-for-iphone,,6/11/2025 9:23pm
"Amazon Echo Dot (newest model), Vibrant sounding Alexa speaker, Great for bedrooms, dining rooms and offices, Charcoal","Experience our best sounding Echo Dot yet, with clearer vocals, deeper bass, and vibrant sound, making it perfect for playing music, audiobooks, and podcasts from popular services or via Bluetooth. Alexa is always ready to provide weather updates, set hands-free timers, answer your queries, and more. Control compatible smart home devices with your voice and create routines to automate your home. This model also comes with enhanced privacy controls and the ability to pair with other devices for a seamless audio experience throughout your home.",https://m.media-amazon.com/images/I/71yRY8YlAbL._AC_SY300_SX300_.jpg,https://www.amazon.com/dp/B09B8V1LZ3?tag=trueessent001-20,amazon-echo-dot-newest-model-vibrant-sounding-alexa-speaker-great-for-bedrooms-dining-rooms-and-offices-charcoal,,6/11/2025 9:23pm
Drift Car Air Freshener - Wood Air Freshener - Car Odor Eliminator - Teak Scent Starter Kit,"Drift Car Air Freshener is not your average air freshener. Crafted in the USA, it combines a modern, simple design with luxury-grade Teak scent, featuring notes of teakwood, amber, and cedar atlas. This air freshener, made from sustainably sourced wood, attaches perfectly to your car visor with a magnetized metal clip, providing a great scent all day without harmful chemicals. Plus, it's refillable! Replace the scent block every 30 days to maintain a fresh and sophisticated ambiance in your car.",https://m.media-amazon.com/images/I/717n+0jibbL._AC_SX466_.jpg,https://www.amazon.com/dp/B0C1HJV7BJ?tag=trueessent001-20,drift-car-air-freshener---wood-air-freshener---car-odor-eliminator---teak-scent-starter-kit,,6/11/2025 9:23pm
"All-new Amazon Kindle Paperwhite (16 GB) – Our fastest Kindle ever, with new 7"" glare-free display and weeks of battery life – Black","This next-generation Kindle Paperwhite boasts a 7” high contrast display, delivering 25% faster page turns. Its ultra-thin, travel-friendly design ensures a clear, glare-free reading experience wherever you go. Free from social media and other distractions, it's the perfect device for uninterrupted reading. The Kindle Paperwhite's battery lasts up to 12 weeks on a single charge and its adjustable display allows for comfortable reading in any lighting condition. Enjoy the added convenience of a waterproof design and access to over 15 million titles in the Kindle Store worldwide.",https://m.media-amazon.com/images/I/81qEq4MEnJL._AC_SY300_SX300_.jpg,https://www.amazon.com/dp/B0CFPJYX7P?tag=trueessent001-20,all-new-amazon-kindle-paperwhite-16-gb--our-fastest-kindle-ever-with-new-7-glare-free-display-and-weeks-of-battery-life--black,,6/11/2025 9:23pm
"Apple AirPods Pro 2 Wireless Earbuds, Active Noise Cancellation, Hearing Aid Feature, Bluetooth Headphones, Transparency, Personalized Spatial Audio, High-Fidelity Sound, H2 Chip, USB-C Charging","Apple AirPods Pro 2 are the world's first earbuds to offer a complete hearing health experience, including a clinically validated Hearing Test and active Hearing Protection. The intelligent noise control can remove up to 2x more background noise for an immersive listening experience. The earbuds come with a customizable fit with four pairs of silicone tips and are dust, sweat, and water resistant. The H2 chip delivers high-fidelity sound for music and calls, while the personalized spatial audio aligns with your ear shape for an immersive, all-around sound experience.",https://m.media-amazon.com/images/I/61SUj2aKoEL.__AC_SY445_SX342_QL70_FMwebp_.jpg,https://www.amazon.com/dp/B0D1XD1ZV3?tag=trueessent001-20,apple-airpods-pro-2-wireless-earbuds-active-noise-cancellation-hearing-aid-feature-bluetooth-headphones-transparency-personalized-spatial-audio-high-fidelity-sound-h2-chip-usb-c-charging,,6/11/2025 9:23pm
"Rain-X 810165 Latitude 2-In-1 Water Repellent Wiper Blades, 22 Inch Windshield Wipers (Pack Of 2), Automotive Replacement Windshield Wiper Blades With Patented Rain-X Water Repellency Formula","These 22-inch windshield wipers come in a pack of two and apply a patented Rain-X water repellent directly to your windshield, clearing and repelling the elements. The advanced beam wiper blade technology provides uniform pressure points, allowing the blade to hug the windshield for a smooth, clean wipe. They're designed to clear your windshield in extreme weather conditions, delivering long-lasting, superior performance. The easy-to-use Rain-X universal adapter fits 96% of vehicles, and installation videos can be accessed by scanning the QR code on the back of the package.","https://m.media-amazon.com/images/I/71ZDqv1L5aL._AC_SX466_PIbundle-2,TopRight,0,0_SH20_.jpg",https://www.amazon.com/dp/B084CT24NM?tag=trueessent001-20,rain-x-810165-latitude-2-in-1-water-repellent-wiper-blades-22-inch-windshield-wipers-pack-of-2-automotive-replacement-windshield-wiper-blades-with-patented-rain-x-water-repellency-formula,Automotive,6/11/2025 9:23pm
"Camco TastePURE 25-Ft Water Hose - RV Drinking Water Hose Contains No Lead, No BPA & No Phthalate - Features Diamond-Hatch Reinforced PVC Design - 5/8” Inside Diameter, Made in the USA (22783)","Constructed with NSF/ANSI 61 certified hose, this Camco TastePURE RV fresh water hose is perfect for a variety of uses such as RVing, camping, gardening, car washing, and more. Its diamond-hatch reinforced design ensures kink-resistance and durability. This 25' long hose with a 5/8"" inner diameter is made from quality PVC that is UV-stabilized. Additionally, it is proudly made in the USA, meeting the highest standards and fully complying with all federal and state lead-free laws.",https://m.media-amazon.com/images/I/81gVG2iuj8L._AC_SX679_.jpg,https://www.amazon.com/dp/B004ME11FS?tag=trueessent001-20,camco-tastepure-25-ft-water-hose---rv-drinking-water-hose-contains-no-lead-no-bpa--no-phthalate---features-diamond-hatch-reinforced-pvc-design---58-inside-diameter-made-in-the-usa-22783,Automotive,6/11/2025 9:23pm
"Beats Solo 4 - Wireless Bluetooth On-Ear Headphones, Apple & Android Compatible, Up to 50 Hours of Battery Life - Matte Black","Featuring custom acoustic architecture and updated drivers, the Beats Solo 4 delivers powerful sound. Its personalized Spatial Audio with dynamic head tracking enhances your audio experience. The headphones boast an ultralight ergonomic design for all-day comfort, with a flex-grip headband and adjustable ear cups for a stable fit. Its UltraPlush ear cushions are designed for comfort and durability. The headphones offer up to 50 hours of battery life, with Fast Fuel technology that provides up to 5 hours of playback with just a 10-minute charge.",https://m.media-amazon.com/images/I/515FE+S4yLL._AC_SX522_.jpg,https://www.amazon.com/dp/B0CZPLV566?tag=trueessent001-20,beats-solo-4---wireless-bluetooth-on-ear-headphones-apple--android-compatible-up-to-50-hours-of-battery-life---matte-black,,6/11/2025 9:23pm
"JBL Tune 510BT - Bluetooth headphones with up to 40 hours battery, microphone for call, foldable and comfortable, Android and iOs compatible (Black)","The JBL Tune 510BT headphones offer wireless streaming and the ability to switch between two devices, ensuring you never miss a call. The headphones feature the renowned JBL Pure Bass sound, deliver up to 40 hours of battery life and recharge in just two hours with the included Type-C USB cable. They also have a convenient microphone on the ear cup for hands-free calls and a multi-function button for activating Siri or Google Assistant. With its adjustable headband, the Tune 510BT is designed to fit nearly any head size comfortably.",https://m.media-amazon.com/images/I/61kFL7ywsZS._AC_SX466_.jpg,https://www.amazon.com/dp/B08WM3LMJF?tag=trueessent001-20,jbl-tune-510bt---bluetooth-headphones-with-up-to-40-hours-battery-microphone-for-call-foldable-and-comfortable-android-and-ios-compatible-black,,6/11/2025 9:23pm
CERAKOTE® Ceramic Headlight Restoration Kit – Guaranteed To Last As Long As You Own Your Vehicle – Brings Headlights Back to Like New Condition - No Power Tools Required - 10 Wipe Kit,"This headlight restoration kit by CERAKOTE® chemically bonds to your headlights, providing lasting UV protection. It includes everything you need, with no power tools required, ensuring no potential damage to your headlights or paint. The kit consists of a three-step process to remove stubborn oxidation and restore the headlights to their original condition. The ceramic coating wipes provide a layer of UV protection that lasts indefinitely. Trust CERAKOTE® for a simple, effective, and long-lasting headlight restoration solution.",https://m.media-amazon.com/images/I/71mjhuksqYL._AC_SX466_.jpg,https://www.amazon.com/dp/B084RQKLV8?tag=trueessent001-20,cerakote-ceramic-headlight-restoration-kit--guaranteed-to-last-as-long-as-you-own-your-vehicle--brings-headlights-back-to-like-new-condition---no-power-tools-required---10-wipe-kit,Automotive,6/11/2025 9:23pm
Roku Streaming Stick 4K - HDR & Dolby Vision Roku Streaming Device for TV with Voice Remote & Long-Range Wi-Fi - Free & Live TV,"The Roku Streaming Stick 4K brings stunning 4K and Dolby Vision streaming to your fingertips. With its long-range Wi-Fi, you can enjoy seamless streaming in any room, even those far from your router. Its compact design won't block neighboring HDMI ports and stays hidden behind your TV, keeping wires out of sight. Control your TV and Roku device with one voice remote, and take your favorite TV anywhere with its portable design.",https://m.media-amazon.com/images/I/81xr+BrYBwL._AC_SX466_.jpg,https://www.amazon.com/dp/B09BKCDXZC?tag=trueessent001-20,roku-streaming-stick-4k---hdr--dolby-vision-roku-streaming-device-for-tv-with-voice-remote--long-range-wi-fi---free--live-tv,,6/11/2025 9:23pm
"NOCO Boost Plus GB40 1000A UltraSafe Car Battery Jump Starter, 12V Jump Starter Battery Pack, Battery Booster, Jump Box, Portable Charger and Jumper Cables for 6.0L Gasoline and 3.0L Diesel Engines","This compact 1000-amp lithium battery jump starter can start dead batteries within seconds, providing up to 20 jump starts on a single charge. It's designed to be safe and easy to use, equipped with spark-proof technology and reverse polarity protection for worry-free operation. Not just a jump starter, it also functions as a portable power bank for recharging smartphones, tablets, and other USB-C devices, as well as a handy LED flashlight with seven modes including emergency strobe and SOS. The device is rugged, water-resistant, and ultra-lightweight at just 2.5 lb.",https://m.media-amazon.com/images/I/71hJgp07X1L._AC_SX466_.jpg,https://www.amazon.com/dp/B015TKUPIC?tag=trueessent001-20,noco-boost-plus-gb40-1000a-ultrasafe-car-battery-jump-starter-12v-jump-starter-battery-pack-battery-booster-jump-box-portable-charger-and-jumper-cables-for-60l-gasoline-and-30l-diesel-engines,,6/11/2025 9:23pm
"NOCO GENIUS1, 1A Smart Car Battery Charger, 6V and 12V Automotive Charger, Battery Maintainer, Trickle Charger, Float Charger and Desulfator for Motorcycle, ATV, Lithium and Deep Cycle Batteries","The NOCO GENIUS1 is not just a battery charger, but also a maintainer, trickle charger, float charger, and battery desulfator. This versatile device is designed for a wide range of 6-volt and 12-volt sealed lead-acid automotive, marine, and deep-cycle batteries. It has an integrated digital thermal sensor for precision charging, can charge dead batteries as low as 1-volt, and features an advanced battery repair mode. It's compatible with all types of gas and diesel vehicles, making it a universal charging solution for your automotive needs.",https://m.media-amazon.com/images/I/81xccMDEjkL._AC_SX466_.jpg,https://www.amazon.com/dp/B07W46BX31?tag=trueessent001-20,noco-genius1-1a-smart-car-battery-charger-6v-and-12v-automotive-charger-battery-maintainer-trickle-charger-float-charger-and-desulfator-for-motorcycle-atv-lithium-and-deep-cycle-batteries,Automotive,6/11/2025 9:23pm
"Beats Solo 4 - Wireless Bluetooth On-Ear Headphones, Apple & Android Compatible, Up to 50 Hours of Battery Life - Cloud Pink","These headphones feature custom acoustic architecture and updated drivers for a stunning Beats sound. The unique Personalized Spatial Audio with dynamic head tracking ensures an immersive audio experience. The ultralight ergonomic design, flex-grip headband, and adjustable ear cups offer all-day comfort and a stable fit. The UltraPlush ear cushions add to comfort and durability. A quick 10-minute charge with Fast Fuel technology provides up to 5 hours of playback.",https://m.media-amazon.com/images/I/51JNqP2C4rL._AC_SX522_.jpg,https://www.amazon.com/dp/B0CZPGX972?tag=trueessent001-20,beats-solo-4---wireless-bluetooth-on-ear-headphones-apple--android-compatible-up-to-50-hours-of-battery-life---cloud-pink,,6/11/2025 9:23pm
"Lamicall Bike Phone Holder, Motorcycle Mount - Motorcycle Phone Holder, Handlebar Cell Phone Clamp, Scooter Phone Clip for iPhone 16 Pro Max/Plus, 15 Pro Max, S10, S20, More 4.7"" to 6.8"" Smartphones","The Lamicall Bike Phone Holder is a robust and safe solution for mounting your smartphone on your bike or motorcycle. With a special design that clamps each corner of your phone tightly, this holder ensures your phone's safety even on bumpy roads. It comes with silicone pads for shockproof protection and to prevent scratches. The holder can be adjusted easily for horizontal or vertical screen orientation. It's compatible with a wide range of smartphones from 4.7 to 6.8 inches and fits handlebars from 0.59 to 1.57 inches in diameter.",https://m.media-amazon.com/images/I/711bZ97mpyL._AC_SX466_.jpg,https://www.amazon.com/dp/B085DMV7XD?tag=trueessent001-20,lamicall-bike-phone-holder-motorcycle-mount---motorcycle-phone-holder-handlebar-cell-phone-clamp-scooter-phone-clip-for-iphone-16-pro-maxplus-15-pro-max-s10-s20-more-47-to-68-smartphones,,6/11/2025 9:23pm
Qifutan Car Phone Holder Mount Phone Mount for Car Windshield Dashboard Air Vent Universal Hands Free Automobile Cell Phone Holder Fit for iPhone Smartphone Carbon Fiber,"Designed with a powerful suction cup and vent clip, this car phone holder can be mounted on the windshield, dashboard, and air vent. The mount utilizes a 360-degree ball joint and adjustable telescopic arm, ensuring your phone can be adjusted to any angle without obstructing your view. The device is durable, heat-resistant, and offers full protection for your phone, even at high speeds. With a one-touch release button, this mount is easy to operate, accommodating all 4-7 inch phones and most thick cases.",https://m.media-amazon.com/images/I/91Yg33Uoc6L._AC_SX679_.jpg,https://www.amazon.com/dp/B0CHS69JW3?tag=trueessent001-20,qifutan-car-phone-holder-mount-phone-mount-for-car-windshield-dashboard-air-vent-universal-hands-free-automobile-cell-phone-holder-fit-for-iphone-smartphone-carbon-fiber,Automotive,6/11/2025 9:23pm
"USB Outlet Extender Surge Protector - Mifaso Rotating Plug, 6 AC Multi Plug and 3 USB Ports (1 C), 1800 Joules, 3-Sided Swivel Power Strip Spaced Splitter for Home, Office, Travel","This USB outlet extender features six AC outlets and three USB charging ports, including one USB C, providing a total output of DC 5V/3.1A. It is equipped with a 1800 Joules surge protector for safety and a rotating AC plug for convenience. The unique three-sided design allows for wide space between the outlets to accommodate larger plugs. Certified by ETL, it has safety features to prevent over-current, over-charge, short circuit, and over-heating.",https://m.media-amazon.com/images/I/51g1miJkrzL._AC_SX466_.jpg,https://www.amazon.com/dp/B08XZNCHHD?tag=trueessent001-20,usb-outlet-extender-surge-protector---mifaso-rotating-plug-6-ac-multi-plug-and-3-usb-ports-1-c-1800-joules-3-sided-swivel-power-strip-spaced-splitter-for-home-office-travel,,6/11/2025 9:23pm
"Wall Charger, Surge Protector, QINLIANF 5 Outlet Extender with 4 USB Charging Ports (4.8A Total) 3-Sided 1680J Power Strip Multi Plug Adapter Spaced for Home Travel Office (3U1C)",This multi-function USB outlet snugly fits duplex outlets and provides five AC outlets and four USB charger ports. The design includes a groove at the back for a perfect fit against the wall and enough space in between for all kinds of equipment. It features a reliable 3-level complementary surge protector circuit with a minimum 1680J energy absorption capacity. This product is ETL certified and comes with 30-day return and 12-month warranty services.,https://m.media-amazon.com/images/I/61Hh-YlfJOL._AC_SX466_.jpg,https://www.amazon.com/dp/B08R6S1M1K?tag=trueessent001-20,wall-charger-surge-protector-qinlianf-5-outlet-extender-with-4-usb-charging-ports-48a-total-3-sided-1680j-power-strip-multi-plug-adapter-spaced-for-home-travel-office-3u1c,,6/11/2025 9:23pm
"Amazon Fire TV Stick 4K Max streaming device (newest model) supports Wi-Fi 6E, free & live TV without cable or satellite","The Amazon Fire TV Stick 4K Max is equipped with a powerful processor for quick app launches and seamless navigation. Enjoy gaming with no console required, thanks to Xbox Game Pass Ultimate via cloud gaming. The device supports 4K Ultra HD, Dolby Vision, HDR10+, and Dolby Atmos for immersive viewing experiences. It also features Fire TV Ambient Experience, allowing you to display over 2,000 pieces of museum-quality art and photography. Enjoy more storage with 16GB—double that of the Fire TV Stick 4K—enabling more apps, games, and downloads.",https://m.media-amazon.com/images/I/6178AAsr72L._AC_SY300_SX300_.jpg,https://www.amazon.com/dp/B0BP9SNVH9?tag=trueessent001-20,amazon-fire-tv-stick-4k-max-streaming-device-newest-model-supports-wi-fi-6e-free--live-tv-without-cable-or-satellite,,6/11/2025 9:23pm
"PULIDIKI Car Cleaning Gel Car Clean Putty, Universal Car Interior Cleaner Slime, Perfect Cleaning Kit Supplies, Auto Detailing Tools Accessories, Dust Remover Gifts for Men Women","The PULIDIKI Car Cleaning Gel is a high-tech, easy-to-use cleaning compound designed to clean hard-to-reach places such as vents, dashboard, and door handles. Made from natural materials, it's safe for your car and can be used multiple times until it turns black. Beyond your car, this versatile cleaning gel can also be used for cleaning electronics, computer keyboard, remote controls, and furniture at your home or office.",https://m.media-amazon.com/images/I/71YLxhnPUxL._AC_SX466_.jpg,https://www.amazon.com/dp/B081T7N948?tag=trueessent001-20,pulidiki-car-cleaning-gel-car-clean-putty-universal-car-interior-cleaner-slime-perfect-cleaning-kit-supplies-auto-detailing-tools-accessories-dust-remover-gifts-for-men-women,Automotive,6/11/2025 9:23pm
Meguiar's Gold Class Car Wash - Get Professional Results in a Foam Cannon or as a Bucket Wash - Get a Clean and Glossy Finish That's Safe for All Paint Types - 64 Oz,"Meguiar's Gold Class Car Wash is a foaming car wash soap that combines cleaning and conditioning in one step, saving you time and effort. Its advanced formula is not only powerful but also gentle enough to preserve existing wax protection. This eco-friendly, biodegradable car wash soap forms powerful suds that easily pick up and foam away dirt, grime, and contaminants, leaving your car looking radiant and renewed. It's versatile enough to be used in a bucket or with a foam gun, making it perfect for a professional-level clean.",https://m.media-amazon.com/images/I/81EDkiZ2ZdL._AC_SX466_.jpg,https://www.amazon.com/dp/B0009IQXFO?tag=trueessent001-20,meguiars-gold-class-car-wash---get-professional-results-in-a-foam-cannon-or-as-a-bucket-wash---get-a-clean-and-glossy-finish-thats-safe-for-all-paint-types---64-oz,,6/11/2025 9:23pm
"SINGARO Car Cup Holder Coaster, Silicone Cup Holder Insert, Universal Non-Slip Cup Holders, Car Accessories Interior for Women and Man Interior Sets 4 Pack Black","The SINGARO Car Cup Holder Coaster is crafted from eco-friendly, non-toxic silicone, offering a durable and wear-resistant solution to protect your car cup holders. With its unique carry handle design and stand-up ring edge, it not only prevents leaks but also prevents the holder from getting dirty or scratched. The coaster is easy to install and equally easy to clean, making it a convenient accessory for all types of vehicles.","https://m.media-amazon.com/images/I/71jM9zMPowL._AC_SX466_PIbundle-4,TopRight,0,0_SH20_.jpg",https://www.amazon.com/dp/B0CWQ8QMKT?tag=trueessent001-20,singaro-car-cup-holder-coaster-silicone-cup-holder-insert-universal-non-slip-cup-holders-car-accessories-interior-for-women-and-man-interior-sets-4-pack-black,Automotive,6/11/2025 9:23pm
"ANCEL AD310 Classic Enhanced Universal OBD II Scanner Car Engine Fault Code Reader CAN Diagnostic Scan Tool, Read and Clear Error Codes for 1996 or Newer OBD2 Protocol Vehicle (Black)","The ANCEL AD310 is a compact yet sturdy diagnostic scan tool that offers easy-to-use features for effective car troubleshooting. It supports all OBDII protocols and is compatible with many different vehicles from 1996 onward. The device reads and clears engine trouble codes in seconds, offering fast and precise results. It does not require batteries or a charger, as it gets power directly from the OBDII Data Link Connector in your vehicle. With its lightweight and sleek design, it's perfect for both home use and on-the-go diagnostics.",https://m.media-amazon.com/images/I/61KElcCN4BL._AC_SY606_.jpg,https://www.amazon.com/dp/B01G5EA74I?tag=trueessent001-20,ancel-ad310-classic-enhanced-universal-obd-ii-scanner-car-engine-fault-code-reader-can-diagnostic-scan-tool-read-and-clear-error-codes-for-1996-or-newer-obd2-protocol-vehicle-black,Automotive,6/11/2025 9:23pm
"(Pack of 2) Replacement-Remote-Control for Roku-TV,Compatible for TCL Roku/Hisense Roku/Onn Roku/Philips Roku Smart TVs(Not for Roku Stick and Box)","This pack contains two universal remote controls for Roku series TVs, including TCL, Hisense, Onn, Sharp, Element, and others. They don't require any pairing or programming and can be operated simply by inserting 2 AAA batteries (not included). Note that these remotes aren't compatible with Roku Stick, Roku Streaming Stick, Roku Box, or non-Roku series TVs. They also feature shortcut buttons for quick access to favorite apps and support over 160,000 clicks for all buttons.",https://m.media-amazon.com/images/I/71Z6Vs6+hDL._AC_SX466_.jpg,https://www.amazon.com/dp/B09Z6Q2MLC?tag=trueessent001-20,pack-of-2-replacement-remote-control-for-roku-tvcompatible-for-tcl-rokuhisense-rokuonn-rokuphilips-roku-smart-tvsnot-for-roku-stick-and-box,,6/11/2025 9:23pm
Apple AirTag,"The AirTag features a simple one-tap setup, instantly connecting it with your iPhone or iPad. It has a built-in speaker that can play a sound to help you locate your items, and Siri can also assist in the search. Precision Finding with Ultra Wideband technology guides you to your nearby AirTag on select iPhone models. It can even help you find items at a distance with the support of millions of Apple devices in the Find My network. If your item is lost, put the AirTag into Lost Mode to be automatically notified when it’s detected in the network.",https://m.media-amazon.com/images/I/71rP7f78eFL._AC_SX522_.jpg,https://www.amazon.com/dp/B0CWXNS552?tag=trueessent001-20,apple-airtag,,6/11/2025 9:23pm
"Bluetooth Speaker with HD Sound, Portable Wireless, IPX5 Waterproof, Up to 20H Playtime, TWS Pairing, BT5.3, for Home/Party/Outdoor/Beach, Electronic Gadgets, Birthday Gift (Black)","This Bluetooth Speaker is a game-changer in the music world with its HD sound quality, 2 drivers, and advanced technology that delivers powerful, well-balanced sound. Its IPX5 rating ensures it's resistant to water splashes, making it ideal for outdoor parties, camping, or beach trips. With up to 20 hours of playtime and extended Bluetooth reach, it keeps the music going for as long as you need. The speaker also features dynamic multi-color light show that syncs with the music, adding a new level of excitement to your gatherings.",https://m.media-amazon.com/images/I/81l7mB5LhsL._AC_SX466_.jpg,https://www.amazon.com/dp/B0BRKPVZB4?tag=trueessent001-20,bluetooth-speaker-with-hd-sound-portable-wireless-ipx5-waterproof-up-to-20h-playtime-tws-pairing-bt53-for-homepartyoutdoorbeach-electronic-gadgets-birthday-gift-black,,6/11/2025 9:23pm
"Amazon Fire TV Stick 4K (newest model) with AI-powered Fire TV Search, Wi-Fi 6, stream over 1.5 million movies and shows, free & live TV","The Amazon Fire TV Stick 4K is a game-changer for your home entertainment, boasting superior 4K streaming capabilities for an unmatched viewing experience. It also features AI-powered Fire TV Search for smarter movie searching, Wi-Fi 6 support for seamless streaming even with multiple devices connected, and the ability to play Xbox games without a console. With support for Dolby Vision, HDR10+, and Dolby Atmos audio, it offers a truly cinematic experience straight from your living room.",https://m.media-amazon.com/images/I/61XGGd7lh+L._AC_SY300_SX300_.jpg,https://www.amazon.com/dp/B0CJM1GNFQ?tag=trueessent001-20,amazon-fire-tv-stick-4k-newest-model-with-ai-powered-fire-tv-search-wi-fi-6-stream-over-15-million-movies-and-shows-free--live-tv,,6/11/2025 9:23pm
"REDTIGER Dash Cam Front Rear, 4K/2.5K Full HD Dash Camera for Cars, Included 32GB Card, Built-in Wi-Fi GPS, 3.16” IPS Screen, Night Vision, 170°Wide Angle, WDR, 24H Parking Mode(F7NP)","The REDTIGER F7NP dash cam provides 4K+1080P dual recording, capturing vital details like road signs and vehicle number plates clearly. It also exhibits superior night vision capabilities with its ultra-large F1.5 aperture and 6-layer lens, ensuring detailed capture under low light conditions. The device comes with built-in GPS, providing real-time tracking of your driving route. With its Wi-Fi connectivity and smart app control, you can easily manage, view, and share your recorded content.",https://m.media-amazon.com/images/I/71hLmfRBteL._AC_SX466_.jpg,https://www.amazon.com/dp/B098WVKF19?tag=trueessent001-20,redtiger-dash-cam-front-rear-4k25k-full-hd-dash-camera-for-cars-included-32gb-card-built-in-wi-fi-gps-316-ips-screen-night-vision-170wide-angle-wdr-24h-parking-modef7np,,6/11/2025 9:23pm
"JBL Vibe Beam - True Wireless JBL Deep Bass Sound Earbuds, Bluetooth 5.2, Water & Dust Resistant, Hands-free call with VoiceAware, Up to 32 hours of battery life (Black)","Experience your music like never before with the JBL Vibe Beam, featuring 8mm drivers for high-quality, deep bass sound. These earbuds offer an ergonomic, comfortable fit, designed to isolate external sounds for an enhanced audio experience. With up to 32 hours of battery life and speed charging, you'll never have to worry about running out of power. The IP54-certified earbuds and IPX2 charging case are water and dust resistant, perfect for use in any environment. The VoiceAware feature allows for hands-free calls, providing a balance between your voice and the person you're speaking with.",https://m.media-amazon.com/images/I/41+1Csr1pSL._AC_SX466_.jpg,https://www.amazon.com/dp/B0BQPNMXQV?tag=trueessent001-20,jbl-vibe-beam---true-wireless-jbl-deep-bass-sound-earbuds-bluetooth-52-water--dust-resistant-hands-free-call-with-voiceaware-up-to-32-hours-of-battery-life-black,,6/11/2025 9:23pm
"Apple EarPods Headphones with USB-C Plug, Wired Ear Buds with Built-in Remote to Control Music, Phone Calls, and Volume","Apple EarPods are designed to fit the geometry of the ear, ensuring superior comfort for more users. The built-in speakers are engineered to maximize sound output and minimize sound loss, delivering high-quality audio. These EarPods come with a built-in remote that lets you control music, video playback, and phone calls. They are compatible with all devices that have a USB-C port. Additionally, they include an integrated microphone that captures your voice clearly during calls and voice commands.",https://m.media-amazon.com/images/I/513OSdW4elL._AC_SX522_.jpg,https://www.amazon.com/dp/B0DCH8VDXF?tag=trueessent001-20,apple-earpods-headphones-with-usb-c-plug-wired-ear-buds-with-built-in-remote-to-control-music-phone-calls-and-volume,,6/11/2025 9:23pm
"Wireless Earbuds, Bluetooth 5.3 Headphones Sport, Over Ear Buds With ENC Noise Cancelling Mic, 48H, Wireless Earphone With Earhooks, Stereo Deep Bass, IP7 Waterproof Headset for Workout Running, Black","These wireless earbuds feature the latest Bluetooth 5.3 chipset for an 80% faster connection and low-latency design for seamless audio transmission. With an IP7 waterproof rating and comfortable earhook design, they are perfect for intense workouts and outdoor activities. The earbuds also come with a USB-C fast charging technology and dual LED display on the charging case for a modern, tech-savvy feel.",https://m.media-amazon.com/images/I/71rB0HvTPqL._AC_SX679_.jpg,https://www.amazon.com/dp/B0F1MHS3DD?tag=trueessent001-20,wireless-earbuds-bluetooth-53-headphones-sport-over-ear-buds-with-enc-noise-cancelling-mic-48h-wireless-earphone-with-earhooks-stereo-deep-bass-ip7-waterproof-headset-for-workout-running-black,,6/11/2025 9:23pm
"AstroAI Tire Inflator Portable Air Compressor Tire Air Pump for Car Tires - Car Accessories, 12V DC Auto Pump with Digital Pressure Gauge, Emergency LED Light for Bicycle, Balloons, Yellow","This AstroAI Tire Inflator leverages ToughUltra technology for enhanced durability and a longer lifespan. It features programmable inflation, allowing users to preset their desired pressure, with an automatic shut-off when the set pressure is reached. Its compact size makes it easy to store in glove compartments, seats, or trunks. The inflator is also equipped with a backlit screen and flashlight for easy use in low-light conditions.",https://m.media-amazon.com/images/I/716tSu7xkqL._AC_SX466_.jpg,https://www.amazon.com/dp/B07QR4Q42L?tag=trueessent001-20,astroai-tire-inflator-portable-air-compressor-tire-air-pump-for-car-tires---car-accessories-12v-dc-auto-pump-with-digital-pressure-gauge-emergency-led-light-for-bicycle-balloons-yellow,Automotive,6/11/2025 9:23pm
"All-Purpose Stainless Steel Shower Squeegee for Shower Glass Door with 2 Adhesive Hooks, Bathroom Cleaner Tool Household Window Mirror Squeegee , Cleaning Tile Wall, Car, 10 Inch Silver","The All-Purpose Stainless Steel Shower Squeegee is designed to provide an effortless cleaning experience. Made from 100% rust-resistant stainless steel and a premium silicon blade, it ensures durability and long-lasting use. The ergonomic design and anti-slip grip make it easy to handle and use efficiently. Plus, it comes with two adhesive hooks for convenient storage on any smooth surface. It's an essential tool for maintaining cleanliness in your home and car.",https://m.media-amazon.com/images/I/5102UAfkhjL._AC_SX679_.jpg,https://www.amazon.com/dp/B0BZZDPPRX?tag=trueessent001-20,all-purpose-stainless-steel-shower-squeegee-for-shower-glass-door-with-2-adhesive-hooks-bathroom-cleaner-tool-household-window-mirror-squeegee--cleaning-tile-wall-car-10-inch-silver,,6/11/2025 9:23pm
"Apple AirPods 4 Wireless Earbuds, Bluetooth Headphones, with Active Noise Cancellation, Adaptive Audio, Transparency Mode, Personalized Spatial Audio, USB-C Charging Case, Wireless Charging, H2 Chip","The Apple AirPods 4 are engineered for comfort, great stability, and exceptional audio experience. They come with innovative features such as Active Noise Cancellation, Adaptive Audio, and Transparency mode, all powered by the H2 chip for an immersive listening experience. The earbuds also offer improved call quality with Voice Isolation and a personalized spatial audio effect. The redesigned charging case, the smallest in the industry, supports wireless charging for added convenience.",https://m.media-amazon.com/images/I/61iBtxCUabL._AC_SX522_.jpg,https://www.amazon.com/dp/B0DGJ7HYG1?tag=trueessent001-20,apple-airpods-4-wireless-earbuds-bluetooth-headphones-with-active-noise-cancellation-adaptive-audio-transparency-mode-personalized-spatial-audio-usb-c-charging-case-wireless-charging-h2-chip,,6/11/2025 9:23pm
"Zip Ties Assorted Sizes(4”+6”+8”+12”), 400 Pack, Black Cable Ties, UV Resistant Wire Ties by ANOSON","ANOSON's pack of 400 Zip Ties in 4 different sizes (4"", 6"", 8"", 12"") are perfect for a variety of situations. Their tensile strength varies from 18 lb to 45 lb making them suitable for home, office, garden, garage, and more. Use them to organize electrical wires, hang lights, attach fences, and many more applications. These black cable ties are UV resistant and offer a 100% refund guarantee for any quality issues.",https://m.media-amazon.com/images/I/81RPjE2FmgL._AC_SX679_.jpg,https://www.amazon.com/dp/B0C2Z4L3S6?tag=trueessent001-20,zip-ties-assorted-sizes46812-400-pack-black-cable-ties-uv-resistant-wire-ties-by-anoson,,6/11/2025 9:23pm
"Munchkin Brica Sun Safety Car Window Shade with Heat Alert, Helps Block UVA/UVB Rays, 2 Pack, Black","The Munchkin Brica Sun Safety Car Window Shade is a must-have for car owners. It includes two 15 inches x 19 inches shades for maximum coverage, and uses a unique white hot indicator that turns white when the car is too hot. The shade offers a dual attachment system, allowing you to choose between adjustable clips or suction cups for a secure fit. It also features a one push retract button for easy rollup and a safe view premium mesh for superior visibility. To ensure maximum suction, the surface should be prepped by cleaning it first.",https://m.media-amazon.com/images/I/91i+p2KJMzL._AC_SX466_.jpg,https://www.amazon.com/dp/B00WH7Y7TY?tag=trueessent001-20,munchkin-brica-sun-safety-car-window-shade-with-heat-alert-helps-block-uvauvb-rays-2-pack-black,Automotive,6/11/2025 9:23pm
"CKAuto Tire Valve Stem Caps, Black, 4 pcs/Pack, Anodized Aluminum Tire Valve Cap Set, Corrosion Resistant, Universal Stem Covers for Cars Trucks Motorcycles SUVs and Bikes","CKAuto Tire Valve Stem Caps are made from a premium anodized and powder-coated aluminum alloy, offering both strength and durability. The unique design incorporates a plastic inner valve cap for superior corrosion resistance. These valve caps are easy to install, with a rotating thread design that simplifies the process. With an inner diameter of 7mm and height of 13.8mm, these caps are universally compatible with most cars, bicycles, SUVs, trucks, RVs, and other motor vehicles.",https://m.media-amazon.com/images/I/71RRj6kPMbL._AC_SX466_.jpg,https://www.amazon.com/dp/B06X9L4WBQ?tag=trueessent001-20,ckauto-tire-valve-stem-caps-black-4-pcspack-anodized-aluminum-tire-valve-cap-set-corrosion-resistant-universal-stem-covers-for-cars-trucks-motorcycles-suvs-and-bikes,Automotive,6/11/2025 9:23pm
"Camco TST MAX RV Toilet Treatment Drop-INs - Control Unwanted Odors & Break Down Waste and Tissue - Safe Septic Tank Treatment - Orange Scent, 30-Pack (41183)","Camco TST MAX RV Toilet Treatment Drop-INs is a powerful RV odor eliminator that works up to 7 days, treating camper toilets with up to a 40-gallon tank. Formulated with advanced chemistry, it is safe for septic systems and aids in waste digestion for optimal sensor performance. This multi-purpose RV accessory is perfect for boating, camping, boondocking, and portable camping toilets, providing a refreshing citrus scent. Each package includes 30 Drop-INs and is proudly made in the USA.",https://m.media-amazon.com/images/I/71KNfFh4TLL._AC_SX679_.jpg,https://www.amazon.com/dp/B016V2B1Z8?tag=trueessent001-20,camco-tst-max-rv-toilet-treatment-drop-ins---control-unwanted-odors--break-down-waste-and-tissue---safe-septic-tank-treatment---orange-scent-30-pack-41183,Automotive,6/11/2025 9:23pm
"Mobil 1 Advanced Fuel Economy Full Synthetic Motor Oil 0W-20, 5 Quart","Mobil 1’s 0W-20 synthetic motor oil is designed to enhance fuel economy and provide excellent viscosity. With its Triple Action Formula, this oil delivers superior engine performance, protection, and cleanliness. It helps to protect vital engine parts for up to 10,000 miles between oil changes, controlling oxidation to prevent oil breakdown. This oil meets ILSAC GF-6 standards, aiding in reducing low-speed pre-ignition and timing chain wear while keeping your engine clean. It also helps to extend the life of your engine by preventing harmful deposits and sludge buildup.",https://m.media-amazon.com/images/I/71xh1h5KfrL._AC_SX466_.jpg,https://www.amazon.com/dp/B00J00X5YO?tag=trueessent001-20,mobil-1-advanced-fuel-economy-full-synthetic-motor-oil-0w-20-5-quart,Automotive,6/11/2025 9:23pm
"HOMEXCEL Microfiber Cleaning Cloth 12 Pack, 12.5 x 12.5 inch Microfiber Towels for Cars, Ultra Absorbent Car Washing Cloth, Lint Free Streak Free Cleaning Rags for Car, Kitchen, and Window (Grey)","HOMEXCEL Microfiber Cleaning Cloth offers exceptional cleaning results, absorbing dirt and liquids effortlessly. Made from a soft fabric, it delicately wipes surfaces without causing any scratches. Its super absorbent nature makes it perfect for a streak-free finish after washing your vehicle. This cloth is versatile, ideal for exterior car care and household cleaning. It is designed to withstand repeated use and maintains its quality even after multiple washes.","https://m.media-amazon.com/images/I/81Fcz9Q4NpL._AC_SX466_PIbundle-12,TopRight,0,0_SH20_.jpg",https://www.amazon.com/dp/B0CYT2JKRP?tag=trueessent001-20,homexcel-microfiber-cleaning-cloth-12-pack-125-x-125-inch-microfiber-towels-for-cars-ultra-absorbent-car-washing-cloth-lint-free-streak-free-cleaning-rags-for-car-kitchen-and-window-grey,,6/11/2025 9:23pm
"ZIUTY Wireless Earbuds, 2025 Bluetooth Headphones, 50hrs Stereo Deep Bass Ear Buds with Power Display Charging Case, buit in Mic, IPX5 Waterproof Headset for iPhone Andriod Phones","Equipped with a 500mAh portable charging case, these earbuds provide up to 50 hours of playtime, making them perfect for long trips or extended gym sessions. The latest Bluetooth 5.3 technology ensures a stable connection up to 15 meters, while 14.2mm bass drivers deliver high-definition stereo sound. The earbuds are lightweight and ergonomically designed for comfort, complete with anti-slip features and a compact design. Voice and touch control allow for seamless, hands-free operation.",https://m.media-amazon.com/images/I/713bfTZ2mrL._AC_SX466_.jpg,https://www.amazon.com/dp/B0F42Q8FRJ?tag=trueessent001-20,ziuty-wireless-earbuds-2025-bluetooth-headphones-50hrs-stereo-deep-bass-ear-buds-with-power-display-charging-case-buit-in-mic-ipx5-waterproof-headset-for-iphone-andriod-phones,,6/11/2025 9:23pm
"Spearhead Odor Defense Breathe Easy AC & Heater Cabin Filter, Fits Like OEM, Up to 25% Longer Lasting w/Activated Carbon (BE-285)","Infused with real coconut shell activated carbon, the Breathe Easy cabin filter is designed to last up to 15,000 miles, which is 25% longer than standard filters. The filter uses thick electrostatic media to attract even the tiniest particles, while densely packed activated carbon prevents gases and odors from entering the cabin. Multiple layers of protection, including a dust filter, anti-inflammatory filter, adsorption filter, and coconut shell activated carbon weave filter, work in unison to ensure you enjoy crisp, clean air in your vehicle. This filter is easy to install yourself, saving you money on repairs.",https://m.media-amazon.com/images/I/91dpF1-JYyL._AC_SX466_.jpg,https://www.amazon.com/dp/B07663VCT3?tag=trueessent001-20,spearhead-odor-defense-breathe-easy-ac--heater-cabin-filter-fits-like-oem-up-to-25-longer-lasting-wactivated-carbon-be-285,Automotive,6/11/2025 9:23pm
GOOACC - GRC-33 240PCS Bumper Retainer Clips Car Plastic Rivets Fasteners Push Retainer Kit Most Popular Sizes Auto Push Pin Rivets Set -Door Trim Panel Fender Clips for GM Ford Toyota Honda Chrysler,"The GOOACC - GRC-33 240PCS Bumper Retainer Clips Car Plastic Rivets Fasteners Push Retainer Kit is a universal fit kit that includes 12 popular sizes. The kit is perfect for replacing door trim, radiator shield yoke, fender, bumper and splash shield retainers in Ford, GM, Chrysler, Toyota, Honda, and more. Save time and money with this high-quality kit that's constructed for durability and will not break or crack easily during use. The kit includes all necessary retainers for exact replacement of old and broken retainers. It comes in a compact plastic box with 12 compartments for easy organization and storage.",https://m.media-amazon.com/images/I/71rDWpcgQQL._AC_SX466_.jpg,https://www.amazon.com/dp/B07L6FJGR4?tag=trueessent001-20,gooacc---grc-33-240pcs-bumper-retainer-clips-car-plastic-rivets-fasteners-push-retainer-kit-most-popular-sizes-auto-push-pin-rivets-set--door-trim-panel-fender-clips-for-gm-ford-toyota-honda-chrysler,Automotive,6/11/2025 9:23pm
"USANOOKS Microfiber Cleaning Cloth Grey - 12 Pcs (12.5""x12.5"") - High Performance - 1200 Washes, Ultra Absorbent Microfiber Towel Weave Grime & Liquid for Streak-Free Mirror Shine - Car Washing Cloth","This pack of 12 USANOOKS Microfiber Cleaning Cloth Grey, with its unique Grip-Root Weave technology, can absorb and lock away 8 to 10 times its weight in liquid and dirt particles, making it more effective than traditional cleaning rags. The towels are 2.5mm thick, ensuring superior durability and grip. They are designed not to lint, scratch, pill, swirl, shed, or bleed, and they dry quickly to provide a streak-free mirror shine. Moreover, these commercial-grade 300 GSM towels can last over 1200 washes, providing sustainable cleaning solutions for your home, garage, or office.",https://m.media-amazon.com/images/I/A1U4ZA-OJmS._AC_SX679_.jpg,https://www.amazon.com/dp/B08BRJHJF9?tag=trueessent001-20,usanooks-microfiber-cleaning-cloth-grey---12-pcs-125x125---high-performance---1200-washes-ultra-absorbent-microfiber-towel-weave-grime--liquid-for-streak-free-mirror-shine---car-washing-cloth,Automotive,6/11/2025 9:23pm
"Mounting Dream TV Wall Mount for 32-65 Inch Television,Mount with Swivel and Tilt, Full Motion Bracket with Articulating Dual Arms, Fits 16inch Studs, Max VESA 400X400 mm, 99lbs, MD2380","This universal TV mount fits most 32-65"" TVs up to 99 LBS, with a max VESA of 400mm x 400mm. It features 6 articulating arms, with the ability to tilt the TV up 5° and down 15° to reduce glare, and swivel left or right for optimal viewing from any seat position. The mount extends from 3.4"" to 17.5"", allowing the TV to truly come alive. Easy to install, the mount includes clear instructions and pre-labeled hardware bags, with +/-3° post-installation adjustment for perfect TV leveling. Note: This product is not suitable for drywall installation.",https://m.media-amazon.com/images/I/61da4dQI-hL._AC_SX466_.jpg,https://www.amazon.com/dp/B00SFSU53G?tag=trueessent001-20,mounting-dream-tv-wall-mount-for-32-65-inch-televisionmount-with-swivel-and-tilt-full-motion-bracket-with-articulating-dual-arms-fits-16inch-studs-max-vesa-400x400-mm-99lbs-md2380,,6/11/2025 9:23pm
"EcoNour Patented Design for Car Windshield Sun Shade | Blocks 99% Heat and Keep Interior Cool | Fits Cars, SUV, Truck | Automotive Sun Screen,Visor and Summer Vehicle Accessories | Medium (64x32)","EcoNour’s Car Windshield Sun Shade is a durable window shade crafted from high-quality 240T polyester, effectively blocking sunlight and safeguarding your vehicle's interior. Its unique overlapping design extends up to 8 inches for a snug fit, making it ideal for windshields up to 64x32 inches. The sunshade pops open easily, installs in seconds, and folds away for convenient storage. Its premium material withstands extreme heat conditions, offering long-lasting performance.",https://m.media-amazon.com/images/I/71W3+eLCARL._AC_SX466_.jpg,https://www.amazon.com/dp/B01KIFISX2?tag=trueessent001-20,econour-patented-design-for-car-windshield-sun-shade--blocks-99-heat-and-keep-interior-cool--fits-cars-suv-truck--automotive-sun-screenvisor-and-summer-vehicle-accessories--medium-64x32,Automotive,6/11/2025 9:23pm
Apple AirTag 4 Pack,"The Apple AirTag 4 Pack offers a simple, one-tap setup for instant connection with your iPhone or iPad. It includes a built-in speaker that plays a sound to aid in locating your items, and can also work with Siri. The AirTag uses Ultra Wideband technology for precision finding, leading you right to your nearby items. If your items are further away, the AirTag communicates with the vast Find My network of Apple devices to help locate them. It also features a Lost Mode for automatic notifications when your items are detected in the Find My network.",https://m.media-amazon.com/images/I/61bMNCeAUAL._AC_SX522_.jpg,https://www.amazon.com/dp/B0D54JZTHY?tag=trueessent001-20,apple-airtag-4-pack,,6/11/2025 9:23pm
"Rain-X 600001 Windshield Repair Kit - Quick and Easy Durable Resin Based Windshield Repair Kit for Chips and Cracks, Good for Round Damage Below 1"" in Diameter and Cracks Smaller Than 12"" in Length","The Rain-X 600001 Windshield Repair Kit stops the spread of chips and cracks in your windshield with its durable resin formula. Simple to use, it only takes minutes with minimal steps for multiple repairs. For the best results, repairs should be made as soon as possible after the damage occurs. The kit is designed for universal fit and is especially effective for round damage below 1"" in diameter and cracks smaller than 12"" in length.",https://m.media-amazon.com/images/I/710MC25TZaL._AC_SY879_.jpg,https://www.amazon.com/dp/B00IPS4APU?tag=trueessent001-20,rain-x-600001-windshield-repair-kit---quick-and-easy-durable-resin-based-windshield-repair-kit-for-chips-and-cracks-good-for-round-damage-below-1-in-diameter-and-cracks-smaller-than-12-in-length,Automotive,6/11/2025 9:23pm
"CerMark Ultra Laser Marking Aerosol, Improve Lasered Work, All In One High Performance Laser Marketing Aerosol For Metal, (2-Pack), 2 Oz","This 2-pack of CerMark Ultra Laser Marking Aerosol contains 4 fl oz of permanent marking fluid per canister. Designed to produce a dark, durable mark on a wide range of materials - metals, plastics, woods, and more. It features a unique blend of solvents, dyes, and proprietary marking compounds for high-contrast, almost indelible marks. To use, simply shake the can for 2-3 seconds, point at the surface, apply evenly, and let it dry completely.","https://m.media-amazon.com/images/I/61RoxOjhfcL._AC_SX679_PIbundle-2,TopRight,0,0_SH20_.jpg",https://www.amazon.com/CerMark-Marking-Aerosol-Performance-Marketing/dp/B0CLF355ZB?tag=trueessent001-20,cermark-ultra-laser-marking-aerosol-improve-lasered-work-all-in-one-high-performance-laser-marketing-aerosol-for-metal-2-pack-2-oz,Miscellaneous,6/11/2025 9:23pm
Pelican 7600 Rechargeable LED Tactical Flashlight (Black),"The Pelican 7600 Rechargeable LED Tactical Flashlight is a robust and versatile lighting tool, perfect for any outdoor adventure. With an anodized aluminum body and a USB rechargeable Lithium Ion battery, it provides three different lighting modes and can last up to 29 hours on low mode. The flashlight also features 3 LED colors (white, red, and green) and 4 different modes (high, medium, low, and strobe). It's IPX8 certified, making it water-resistant and perfect for all weather conditions. Plus, it comes with Pelican's lifetime guarantee.",https://m.media-amazon.com/images/I/61tpJhPg8TL._AC_SX679_.jpg,https://www.amazon.com/Pelican-Rechargeable-Tactical-Flashlight-Black/dp/B01KU1SYK6?tag=trueessent001-20,pelican-7600-rechargeable-led-tactical-flashlight-black,,6/11/2025 9:23pm
"880Lbs Magnet Lifting with Release, 400KG Magnetic Lifter Device, Lifting Magnet with Strong Neodymium Magnets","Our 880 lbs capacity magnetic lifter is a durable tool made with N42 magnet and an excellent painting technology to prevent rust and corrosion. It requires no electrical energy and is simple to use by switching the handle from side to side. The handle is wrapped by anti-slip rubber for enhanced safety. It's also equipped with a large U-loop shackle hook for easy attachment of slings. This device is widely used in transportation, engineering, and the automobile industry.",https://m.media-amazon.com/images/I/616eBBdqPAL._SX522_.jpg,https://www.amazon.com/EBUY-Lifting-Release-Magnetic-Permanent/dp/B09C89VM7P?th=1&tag=trueessent001-20,880lbs-magnet-lifting-with-release-400kg-magnetic-lifter-device-lifting-magnet-with-strong-neodymium-magnets,,6/11/2025 9:23pm
"CALPALMY (2-Pack) 24 x 36 Clear Acrylic Sheet Plexiglass 1/4” Thick; Use for Craft Projects, Signs, Display Cases, Sneeze Guard and More; Cut with Cricut, Engraver, Power Saw or Hand Tools","Made from premium quality acrylic, these sheets offer an ultra-clear finish with no cloudiness or scratches, making them perfect for any project. They can be used with a variety of tools without fear of melting or scorching. The sheets are great for creating display cases, home decor, and much more. Plus, they are durable, weather, and UV resistant, making them an excellent choice for outdoor projects. Each pack comes with a protective film to ensure pristine condition.",https://m.media-amazon.com/images/I/619iAbkJ1-L._SX522_.jpg,https://www.amazon.com/2-Pack-Clear-Acrylic-Sheet-Plexiglass/dp/B088BPVVR3?th=1&tag=trueessent001-20,calpalmy-2-pack-24-x-36-clear-acrylic-sheet-plexiglass-14-thick-use-for-craft-projects-signs-display-cases-sneeze-guard-and-more-cut-with-cricut-engraver-power-saw-or-hand-tools,,6/11/2025 9:23pm
"Scuba Choice Scuba Diving Yoke Tank Pressure Checker 5000 PSI 350 BAR – Accurate Pressure Gauge for Yoke Valve Tanks 7"" Long 2-1/4"" Wide – Made in Taiwan","This pressure checker is designed for YOKE valve tanks, offering easy compatibility with your existing dive gear. It is constructed with corrosion-resistant materials for dependable performance in both freshwater and saltwater conditions. The checker features a large, clear gauge for easy reading and is compact enough to fit in your dive gear bag. It's made in Taiwan, ensuring high quality craftsmanship.",https://m.media-amazon.com/images/I/61yfDyD2uvL._AC_SX679_.jpg,https://www.amazon.com/Scuba-Choice-Diving-Pressure-Checker/dp/B007XAQBLW?&tag=trueessent001-20,scuba-choice-scuba-diving-yoke-tank-pressure-checker-5000-psi-350-bar--accurate-pressure-gauge-for-yoke-valve-tanks-7-long-2-14-wide--made-in-taiwan,,6/11/2025 9:23pm
"Ultimate Save-A-Dive Kit: All-in-One Scuba Diving Repair & Maintenance Set with 60 O-Rings, Multi-Tool, Spare Parts & Waterproof Case","This all-encompassing scuba gear maintenance kit is your savior when it comes to equipment issues. It includes 60 Duro-rated, Nitrox-compatible Viton/FKM O-rings for a reliable seal, a versatile multi-tool with 13 essential tools, and various replacement parts. All these come packed in a durable waterproof storage case that keeps everything organized and dry. It's a thoughtful gift for scuba enthusiasts of all levels, perfect for any occasion.",https://m.media-amazon.com/images/I/81REPsQ826L._AC_SX679_.jpg,https://www.amazon.com/Ultimate-Replacement-Accessories-Equipment-Multitool/dp/B07XPBP4ZZ?tag=trueessent001-20,ultimate-save-a-dive-kit-all-in-one-scuba-diving-repair--maintenance-set-with-60-o-rings-multi-tool-spare-parts--waterproof-case,,6/11/2025 9:23pm
"Scuba Choice Deluxe Tool Kit – 16-Piece Dive Tools & 50 O-Rings Set, Diving Maintenance Repair, Includes Screwdrivers, Wrenches, O-Ring Tools, Silicone Grease - Essential Gear Accessories for Diver","This all-inclusive tool kit is perfect for scuba diving enthusiasts. It includes 16 essential tools for on-the-go adjustments and quick fixes, and 50 multi-size O-rings suitable for tanks, regulators, and valves. The kit also features professional-grade screwdrivers, a spanner wrench, cup tool, o-ring tools, and a multi-tool. The lightweight, rugged design makes it easy to carry in your gear bag and withstand diverse diving conditions. It also comes with additional accessories like silicone grease, wrenches, and handlebar tools for enhanced maintenance capability.",https://m.media-amazon.com/images/I/61ek2yu8YrL.__AC_SX300_SY300_QL70_FMwebp_.jpg,https://www.amazon.com/Scuba-Choice-Deluxe-Tool-rings/dp/B004UI2QDC/?tag=trueessent001-20,scuba-choice-deluxe-tool-kit--16-piece-dive-tools--50-o-rings-set-diving-maintenance-repair-includes-screwdrivers-wrenches-o-ring-tools-silicone-grease---essential-gear-accessories-for-diver,,6/11/2025 9:23pm
Hampton Adams | As Seen on Shark Tank | Elastic Kinesiology Tape (Bulk Roll) | 135ft Uncut | Supports & Protects Muscle Wrist Knee Shoulder Back Plantar Fasciitis | Waterproof Hypoallergenic,"This Hampton Adams kinesiology tape stands out with its durable adhesive and thick cotton fabric, which give it a superior stretch and hold. Its waterproof quality means it holds strong even after swimming, heavy workouts, or showers. The package comes with an illustrated eBook and a 135ft roll of tape for customised support. Notably, the tape is gentle on the skin and latex-free, making it suitable even for those with sensitive skin.",https://m.media-amazon.com/images/I/91KXuYGlKQL._AC_SX679_.jpg,https://www.amazon.com/Kinesiology-Waterproof-Shoulder-Therapeutic-Hypoallergenic/dp/B07TZVRJB1?th=1&psc=1&tag=trueessent001-20,hampton-adams--as-seen-on-shark-tank--elastic-kinesiology-tape-bulk-roll--135ft-uncut--supports--protects-muscle-wrist-knee-shoulder-back-plantar-fasciitis--waterproof-hypoallergenic,,6/11/2025 9:23pm
2pk Compatible with Christo Lube 5mg JAR/MCG-111 Oxygen o-Ring lube,"The Christo Lube 5mg JAR/MCG-111 Oxygen O-Ring lube is a high-quality, reliable lubricant designed for use in a variety of outdoor recreational activities. Its jar packaging ensures less waste, making it an eco-friendly choice. Whether you're diving, camping, or engaging in any other outdoor activity, this lubricant ensures optimal performance. With a 2-pack bundle, you'll have enough supply for longer or multiple trips.",https://m.media-amazon.com/images/I/31AeQX5JdZL._SX342_SY445_QL70_FMwebp_.jpg,https://us.amazon.com/2pk-Compatible-Christo-Lube-MCG-111/dp/B0DYQ4PDJY?tag=trueessent001-20,2pk-compatible-with-christo-lube-5mg-jarmcg-111-oxygen-o-ring-lube,,6/11/2025 9:23pm
X-100 (Nonionic Surfactant) | Premium-Quality Laboratory and Industrial Grade Cleaning Surfactant - 100mL (3.3 Fl Oz),"The X-100 Nonionic Surfactant is a premium-quality cleaning agent, perfect for laboratory and industrial applications. It comes in a 100mL (3.3 Fl Oz) bottle, providing ample amount for multiple uses. Despite its powerful cleaning capabilities, it's designed to be gentle on surfaces, ensuring that it cleans without causing damage. This surfactant proves to be a reliable option for a wide range of cleaning tasks.",https://m.media-amazon.com/images/I/31g5WfYwFoL.jpg,https://www.amazon.com/Triton-X-100-Surfactant-Premium-Quality-Laboratory/dp/B0DFMVB88C?tag=trueessent001-20,x-100-nonionic-surfactant--premium-quality-laboratory-and-industrial-grade-cleaning-surfactant---100ml-33-fl-oz,,6/11/2025 9:23pm
"Safetec 34810 SaniZide Plus Germicidal Solution, 32oz. Spray, Plastic Bottle","Equip your home or office with the Safetec 34810 SaniZide Plus Germicidal solution. This 32oz. spray comes in a durable plastic bottle and is engineered to eliminate germs effectively. Its easy-to-use spray mechanism ensures thorough application on surfaces. Designed for safety and convenience, the SaniZide Plus solution is a must-have in your cleaning arsenal.",https://m.media-amazon.com/images/I/31ZcatSZM0L.jpg,https://www.amazon.com/Safetec-34810-SaniZide-Germicidal-Solution/dp/B00141OQ4K?tag=trueessent001-20,safetec-34810-sanizide-plus-germicidal-solution-32oz-spray-plastic-bottle,Automotive,6/11/2025 9:23pm
"The Navy Diving Manual - Revision 7 - Book 1: Full-Size Edition, Remastered Images, Book 1 of 2: Diving Principles & Policy, Air Diving Operations (Carlile Military Library)","This full-size edition of The Navy Diving Manual - Revision 7 - Book 1 from the Carlile Military Library, offers in-depth guidance on diving principles, policy and air diving operations. Its remastered images provide clear visuals to accompany the comprehensive content. It is the first of two books, making it a must-have for those interested in diving or pursuing a career in the navy.",https://m.media-amazon.com/images/I/71BQopASeSL._SY385_.jpg,https://www.amazon.com/Navy-Diving-Manual-Remastered-Principles/dp/1790332605?tag=trueessent001-20,the-navy-diving-manual---revision-7---book-1-full-size-edition-remastered-images-book-1-of-2-diving-principles--policy-air-diving-operations-carlile-military-library,,6/11/2025 9:23pm
Rdp Table with Instructions,"The PADI Rdp Table with Instructions is an essential tool for divers. This table uses imperial measurements, making it perfect for those more comfortable with feet rather than meters. With detailed instructions included, it is easy to use and understand, making it an ideal choice for both beginners and experienced divers.",https://m.media-amazon.com/images/I/91UXbNNACoL._AC_SX679_.jpg,https://www.amazon.com/Padi-Rdp-Table-with-Instructions/dp/B006F8ND00?tag=trueessent001-20,rdp-table-with-instructions,,6/11/2025 9:23pm
"X XBEN Paracord Reflective 1000lb, 50/100/200/500/1000ft 4mm, 13 Strand Parachute Spool Cord, Survival Rope for Camping, Fishing, Hiking, Tent, Clothesline, DIY Crafts & Survival Bracelet, Neon Green","This heavy-duty paracord rope is made of durable polyester and is capable of withstanding up to 1000 pounds of force, making it ideal for camping, fishing, hiking, and more. Its neon green color and reflective strips make it easily visible, even at night. The rope is resistant to wear, UV light, and extreme weather conditions, ensuring its longevity. It comes with a storage bag for easy transportation and tangle-free storage.",https://m.media-amazon.com/images/I/81+yaocCtLL._AC_SX679_.jpg,https://www.amazon.com/dp/B0DM4WPJVB?th=1&tag=trueessent001-20,x-xben-paracord-reflective-1000lb-501002005001000ft-4mm-13-strand-parachute-spool-cord-survival-rope-for-camping-fishing-hiking-tent-clothesline-diy-crafts--survival-bracelet-neon-green,,6/11/2025 9:23pm
"30 PCS Weldeding Stainless Steel O-Ring Welded Round Rings for Camping Belt, Dog Leashes, Luggage Accessories (3mm×25mm ID)","Made from robust stainless steel, these O-rings have an inner diameter of 25mm and a thickness of 3mm. They are welded for extra strength and longevity. This set of 30 can be utilized for a wide range of purposes, including webbing, strapping, leather, ribbon, and dog collars. Perfect for camping gear, dog leashes, and luggage accessories.",https://m.media-amazon.com/images/I/7198VXNXo-S._AC_SX679_.jpg,https://www.amazon.com/dp/B0957JKPYP?th=1&tag=trueessent001-20,30-pcs-weldeding-stainless-steel-o-ring-welded-round-rings-for-camping-belt-dog-leashes-luggage-accessories-3mm25mm-id,,6/11/2025 9:23pm
"GoPro HERO13 Black - Waterproof Action Camera with 5.3K60 Video, 27MP Photo + Compatability with HB-Series Lenses","The GoPro HERO13 Black is an indispensable tool for every creator, offering best-in-class 5.3K60 video and a robust 27MP photo resolution. Its legendary durability makes it perfect for any adventure, while the new HB-Series Lenses provide enhanced visual quality. The camera also boasts a more powerful battery, ensuring you can capture every moment without worrying about power drain.",https://m.media-amazon.com/images/I/61HPHhv6n5L._AC_SX466_.jpg,https://www.amazon.com/GoPro-HERO13-Black-Compatability-HB/dp/B0DCM34GXX?th=1&tag=trueessent001-20,gopro-hero13-black---waterproof-action-camera-with-53k60-video-27mp-photo--compatability-with-hb-series-lenses,,6/11/2025 9:23pm
HiLetgo 100pcs SW520D Vibration Sensor Metal Ball Tilt Shaking Switch 5.2 * 11.5 SW-520D Tilt Shaking Position Switches,"This package includes 100pcs of SW520D Vibration Sensor Metal Ball Tilt Shaking Switches. Each switch is of the SW-520D model, a roll ball type tilt switch that can operate at a maximum voltage of 12V and a maximum current of 20mA. With their compact size of 5.2 * 11.5, these switches are perfect for all sorts of electronic applications where tilt or vibration detection is needed.",https://m.media-amazon.com/images/I/61bGs0EvTTL._AC_SX466_.jpg,https://www.amazon.com/HiLetgo-Vibration-Shaking-Position-Switches/dp/B00M1PMYCE?&tag=trueessent001-20,hiletgo-100pcs-sw520d-vibration-sensor-metal-ball-tilt-shaking-switch-52--115-sw-520d-tilt-shaking-position-switches,,6/11/2025 9:23pm
"Vibration Sensor Module, DC 12V Sensitivity Time Delay Switch DIY High Sensitive Alarm Module","The Vibration Sensor Module features a humanized interface design, with all interfaces accessible through direct wiring terminals for convenience. It operates on a low power consumption mode with a standby current of less than 1MA. The module offers a high level of sensitivity with adjustable delay times ranging from 1s to 240s. The output terminal of the alarm sensor module is a 10A, making it a controlled switch and easy to use. The module's compact size of approximately 63.4 x 27.2mm makes it highly portable.",https://m.media-amazon.com/images/I/61JuPoWYhEL._AC_SX679_.jpg,https://www.amazon.com/Vibration-Sensor-Module-Sensitivity-Sensitive/dp/B09SHV2BG5?&tag=trueessent001-20,vibration-sensor-module-dc-12v-sensitivity-time-delay-switch-diy-high-sensitive-alarm-module,,6/11/2025 9:23pm
"SRD-12VDC-SL-C Mini DC Power Relay - 5 Pins, Auto PCB Mount for Universal Appliance","SRD-12VDC-SL-C is a high-quality power relay with an operational voltage of DC 12V. The relay is designed with 5 pins that can automatically adjust, protect, and transform the circuit. It's versatile and widely used in the remote control, communication, automatic control system, electronic equipments, and more. This relay can control small motors, incandescent lamps, indicator lights, low-power power supplies, intelligent instrumentation and various solenoid valves. It can also work as a pusher for high-power electromagnetic contactors.",https://m.media-amazon.com/images/I/71dNNp7qB8L._SX522_.jpg,https://www.amazon.com/SRD-12VDC-SL-C-Electric-Universal-Household-Appliance/dp/B098JM8BS9?&tag=trueessent001-20,srd-12vdc-sl-c-mini-dc-power-relay---5-pins-auto-pcb-mount-for-universal-appliance,,6/11/2025 9:23pm
"Photoelectric Switch Sensor,1 Pair M18 Through-Beam Reflection Optical Photoelectric Beam Sensor,NPN NO (Normally Open) 6-36VDC Photoelectric Switch Sensor","Our M18 photoelectric sensor comes equipped with reverse power protection, short circuit protection, and current overload protection, ensuring durability and efficiency. It uses a light projector and a light receiver that are separated in structure, and operates in a voltage range of DC 12V-24V. The infrared photoelectric sensor can clearly distinguish opaque reflective objects and has a long effective detection distance of 5m, making it less susceptible to interference and highly reliable. It's perfect for applications such as position detection, liquid level control, product counting, speed detection, and many more.",https://m.media-amazon.com/images/I/51jvdFDwgPL._SX522_.jpg,https://www.amazon.com/Photoelectric-Through-Beam-Optical-Normally-6-36VDC/dp/B0CX8CZK3K?&tag=trueessent001-20,photoelectric-switch-sensor1-pair-m18-through-beam-reflection-optical-photoelectric-beam-sensornpn-no-normally-open-6-36vdc-photoelectric-switch-sensor,,6/11/2025 9:23pm
"Snapware Total Solution 8.5-Cup Plastic Food Storage Container with Lid, 8.5-Cup Rectangular Meal Prep Container, Non-Toxic, BPA-Free Lid with 4 Locking Tabs, Microwave, Dishwasher, and Freezer Safe","This Snapware 8.5-cup rectangular plastic container is an essential household item for meal prepping or storing leftovers. It's made from lightweight, durable, BPA-free plastic that resists stains, odors, and flavors. The container comes with a non-toxic, leak-proof lid that's safe for the microwave, dishwasher, and freezer. A handy built-in Write + Erase label on the lid makes it easy to identify your food. Trust in the Snapware brand to bring creative, effortless organization to your kitchen.",https://m.media-amazon.com/images/I/71vNafxuWkL._AC_SX679_.jpg,https://www.amazon.com/Snapware-Rectangular-Leak-Proof-Microwave-Dishwasher/dp/B00HC62UWG?&tag=trueessent001-20,snapware-total-solution-85-cup-plastic-food-storage-container-with-lid-85-cup-rectangular-meal-prep-container-non-toxic-bpa-free-lid-with-4-locking-tabs-microwave-dishwasher-and-freezer-safe,,6/11/2025 9:23pm
"Snapware Total Solution 10-Pc Plastic Food Storage Containers Set, 3-Cup Rectangle Meal Prep Container, Non-Toxic, BPA-Free Lids with 4 Locking Tabs, Microwave, Dishwasher, and Freezer Safe","This set includes five 3-cup rectangular plastic containers with lids, ideal for both home and work uses. Made from durable BPA-Free plastic, these containers resist stains, odors, and flavors, ensuring your food stays fresh. The lids have built-in write and erase labels for easy identification. These Snapware containers are an indispensable addition to your storage and organizing needs, with their ability to nest and stack, saving space in your kitchen.",https://m.media-amazon.com/images/I/71EuB93chkL._AC_SX679_.jpg,https://www.amazon.com/Snapware-Rectangular-Leak-Proof-Microwave-Dishwasher/dp/B07L4ZY64S?&tag=trueessent001-20,snapware-total-solution-10-pc-plastic-food-storage-containers-set-3-cup-rectangle-meal-prep-container-non-toxic-bpa-free-lids-with-4-locking-tabs-microwave-dishwasher-and-freezer-safe,,6/11/2025 9:23pm
"6 Pack Quart Paint Cans with Lids, Made in The USA with T5 Hardened US Steel, Empty, Unlined, 90 lb. CWT, Storage Containers, Multipurpose, Solvents, Arts, Crafts, DIY Projects, Garage Organization","The 6 Pack Quart Paint Cans with Lids are a versatile storage solution. With a 1 Quart (0.95 L) capacity, they are perfect for small projects, touch-ups, and leftover paint storage. Made in the USA with T5 Hardened US Steel, these cans are exceptionally durable and resistant to wear and tear. They feature triple tight secure lids for a hermetic seal to prevent spills and keep contents fresh. Please note, these containers are not intended for storing water-based paints, liquids, or acids.",https://m.media-amazon.com/images/I/71ENu-+wI+L._AC_SX679_.jpg,https://www.amazon.com/gp/product/B0D9V16S75?&tag=trueessent001-20,6-pack-quart-paint-cans-with-lids-made-in-the-usa-with-t5-hardened-us-steel-empty-unlined-90-lb-cwt-storage-containers-multipurpose-solvents-arts-crafts-diy-projects-garage-organization,,6/11/2025 9:23pm
"Resin Epoxy, KHKD RESIN 1 Gallon Epoxy Resin Kit- 2 Part Crystal Clear Resina Epoxica - High Gloss Odorless, UV & Impact Resistance Food Grade Epoxy Perfect for DIY Crafts, Jewelry, Art Coating","This 1 gallon epoxy resin kit consists of 2 parts crystal clear resina epoxica, providing high gloss and odorless finish. It is food grade, UV and impact resistant, making it perfect for DIY crafts, jewelry, and art coating. The kit comes with everything you need to make your resin crafts including gloves, wooden stirring sticks, measuring cups, plastic stirring sticks, plastic scrapers, pumps, and a user guide. It is easy to operate, safe to use, and ensures a bubble-free, self-leveling brilliance.",https://m.media-amazon.com/images/I/71cCsacNYJL._SX522_.jpg,https://www.amazon.com/KHKD-RESIN-Epoxica-Odorless-Resistance/dp/B0D2H5SLYX?&tag=trueessent001-20,resin-epoxy-khkd-resin-1-gallon-epoxy-resin-kit--2-part-crystal-clear-resina-epoxica---high-gloss-odorless-uv--impact-resistance-food-grade-epoxy-perfect-for-diy-crafts-jewelry-art-coating,,6/11/2025 9:23pm
"Eveready LED Floating Lantern Flashlight, Battery Powered LED Lanterns for Hurricane Supplies, Survival Kits, Camping Accessories, Power Outages, Batteries Included","This Eveready LED Floating Lantern Flashlight is a must-have for any outdoor adventure or survival kit. With the ability to float for easy water recovery, it's ideal for activities like fishing or hiking, as well as emergencies including storms and hurricanes. It boasts Ready Flex Tech that allows it to run on 2 or 4 D-Size batteries, providing up to 400 hours of extraordinary run time. The lantern features bright LED technology that shines up to 4 times brighter than standard LEDs. It includes two Eveready Super Heavy Duty D batteries and can accommodate 2 additional batteries for longer battery life.",https://m.media-amazon.com/images/I/71RhlIE1pRL._AC_SY879_.jpg,https://www.amazon.com/Eveready-Flashlight-Hurricane-Accessories-Batteries/dp/B07VRSJG2L?&tag=trueessent001-20,eveready-led-floating-lantern-flashlight-battery-powered-led-lanterns-for-hurricane-supplies-survival-kits-camping-accessories-power-outages-batteries-included,,6/11/2025 9:23pm
"CAROTE Pots and Pans Set Non Stick, Cookware Set Detachable Handle, Nonstick Induction Kitchen Sets Non Stick with Removable Handle, RV Cook Ware, Oven Safe, Black","This Carote Pots and Pans Set stands out due to its non-stick feature, ensuring easy cleanup with zero elbow grease. The unique detachable handle design allows for easy transitioning from all kinds of stoves to the oven, grill, fridge, and even the dining table. The set also offers optimal storage and easy stacking with handles off, saving up to 70% more space. The set includes various pans and lids, making it a comprehensive cooking solution for your kitchen. Carote offers a 12-month warranty, ensuring customer satisfaction.",https://m.media-amazon.com/images/I/71rorSGzCpL._AC_SX679_.jpg,https://www.amazon.com/CAROTE-Cookware-Detachable-Induction-Removable/dp/B0D41GF9CT/ref=zg_bs_c_kitchen_d_sccl_15/141-0769818-8111312?pd_rd_w=d7lQd&content-id=amzn1.sym.20df88a9-6fd7-425b-adb7-aabfc7b723b2&pf_rd_p=20df88a9-6fd7-425b-adb7-aabfc7b723b2&pf_rd_r=397WYQ4QF6NF0TV1WWX6&pd_rd_wg=bnfsX&pd_rd_r=e1d60b4a-50ad-4f36-ab44-54a65c353de5&pd_rd_i=B0D41GF9CT&th=1&tag=trueessent001-20,carote-pots-and-pans-set-non-stick-cookware-set-detachable-handle-nonstick-induction-kitchen-sets-non-stick-with-removable-handle-rv-cook-ware-oven-safe-black,,6/11/2025 9:23pm
"Chicken Shredder Large Chicken Breast Shredder Tool Twist with Brush&Fork, Visible Meat Shredder Machine, Strong Anti-Slip Strip, Ergonomic Handle, BPA Free, Suitable for Pork Beef Chicken","This upgraded chicken shredder features an inner shred structure and strong anti-slip strip, ensuring effectiveness and time-saving. Its built-in plastic teeth and extra spikes on the lid ensure even cutting and efficient shredding. The ergonomic handle and anti-slip base offer comfort and ease of operation. Made of high-quality food grade material, the shredder is BPA free, heat resistant and dishwasher safe, coming with a cleaning brush for easier hand-washing.",https://m.media-amazon.com/images/I/71d6vBNDknL._AC_SX679_.jpg,https://www.amazon.com/SURETIVIAN-Shredder-Anti-Slip-Ergonomic-Suitable/dp/B0CGRGRXPY/ref=zg_bs_c_kitchen_d_sccl_16/141-0769818-8111312?pd_rd_w=d7lQd&content-id=amzn1.sym.20df88a9-6fd7-425b-adb7-aabfc7b723b2&pf_rd_p=20df88a9-6fd7-425b-adb7-aabfc7b723b2&pf_rd_r=397WYQ4QF6NF0TV1WWX6&pd_rd_wg=bnfsX&pd_rd_r=e1d60b4a-50ad-4f36-ab44-54a65c353de5&pd_rd_i=B0CGRGRXPY&th=1&tag=trueessent001-20,chicken-shredder-large-chicken-breast-shredder-tool-twist-with-brushfork-visible-meat-shredder-machine-strong-anti-slip-strip-ergonomic-handle-bpa-free-suitable-for-pork-beef-chicken,,6/11/2025 9:23pm
"Mighty Patch™ Original patch from Hero Cosmetics - Hydrocolloid Acne Pimple Patch for Covering Zits and Blemishes in Face and Skin, Vegan-friendly and Not Tested on Animals (36 Count)","The Mighty Patch Original is a hydrocolloid sticker that absorbs pimple gunk and improves the look of pimples overnight. It boasts strong adhesion that lasts all night, even through tossing and turning. The thin sticker has a translucent matte finish that blends seamlessly into the skin. These patches are UV sterilized, allergy tested, and come in a box of 36 medium dots on easy-peel perforated sheets.",https://m.media-amazon.com/images/I/41JILztxbDL._SX466_.jpg,https://www.amazon.com/Mighty-Patch-Hydrocolloid-Absorbing-count/dp/B074PVTPBW/ref=zg_bs_c_beauty_d_sccl_2/141-0769818-8111312?pd_rd_w=DhYBF&content-id=amzn1.sym.20df88a9-6fd7-425b-adb7-aabfc7b723b2&pf_rd_p=20df88a9-6fd7-425b-adb7-aabfc7b723b2&pf_rd_r=397WYQ4QF6NF0TV1WWX6&pd_rd_wg=bnfsX&pd_rd_r=e1d60b4a-50ad-4f36-ab44-54a65c353de5&pd_rd_i=B074PVTPBW&th=1&tag=trueessent001-20,mighty-patch-original-patch-from-hero-cosmetics---hydrocolloid-acne-pimple-patch-for-covering-zits-and-blemishes-in-face-and-skin-vegan-friendly-and-not-tested-on-animals-36-count,Miscellaneous,6/11/2025 9:23pm
"La Roche Posay Toleriane Double Repair Face Moisturizer, Daily Moisturizer Face Cream with Ceramide and Niacinamide for All Skin Types, Oil Free, Fragrance Free","This Double Repair Face Moisturizer by La Roche Posay is a hydrating daily face cream fortified with ceramide and niacinamide. Ideal for all skin types, it deeply nourishes the skin while maintaining its natural balance. Its oil-free and fragrance-free formula ensures that it is gentle on sensitive skin and doesn't clog pores. This moisturizer aids in repairing and restoring the natural protective barrier of the skin for a healthier, radiant complexion.",https://m.media-amazon.com/images/I/51x78epntaL._SX522_.jpg,https://www.amazon.com/Roche-Posay-Toleriane-Double-Repair-Moisturizer/dp/B01N9SPQHQ/ref=zg_bs_c_beauty_d_sccl_11/141-0769818-8111312?pd_rd_w=DhYBF&content-id=amzn1.sym.20df88a9-6fd7-425b-adb7-aabfc7b723b2&pf_rd_p=20df88a9-6fd7-425b-adb7-aabfc7b723b2&pf_rd_r=397WYQ4QF6NF0TV1WWX6&pd_rd_wg=bnfsX&pd_rd_r=e1d60b4a-50ad-4f36-ab44-54a65c353de5&pd_rd_i=B01N9SPQHQ&th=1&tag=trueessent001-20,la-roche-posay-toleriane-double-repair-face-moisturizer-daily-moisturizer-face-cream-with-ceramide-and-niacinamide-for-all-skin-types-oil-free-fragrance-free,Automotive,6/11/2025 9:23pm
"The Ordinary Glycolic Acid 7% Exfoliating Toner, Brightening and Smoothing Daily Toner for More Even-Looking Skin Tone","Crafted with 7% glycolic acid, The Ordinary's Exfoliating Toner works to brighten and smooth your skin daily - promoting a more even skin tone. Ideal for day-to-day use, it gently exfoliates the skin, removing dead skin cells and revealing a refreshed complexion. With continued use, this toner can help improve the appearance of skin texture and reduce the visibility of fine lines.",https://m.media-amazon.com/images/I/61DAurbQboL._SX522_.jpg,https://www.amazon.com/Ordinary-Exfoliating-Brightening-Smoothing-Even-Looking/dp/B071914GGL/ref=zg_bs_c_beauty_d_sccl_9/141-0769818-8111312?pd_rd_w=DhYBF&content-id=amzn1.sym.20df88a9-6fd7-425b-adb7-aabfc7b723b2&pf_rd_p=20df88a9-6fd7-425b-adb7-aabfc7b723b2&pf_rd_r=397WYQ4QF6NF0TV1WWX6&pd_rd_wg=bnfsX&pd_rd_r=e1d60b4a-50ad-4f36-ab44-54a65c353de5&pd_rd_i=B071914GGL&th=1&tag=trueessent001-20,the-ordinary-glycolic-acid-7-exfoliating-toner-brightening-and-smoothing-daily-toner-for-more-even-looking-skin-tone,,6/11/2025 9:23pm
"PanOxyl Acne Foaming Wash Benzoyl Peroxide 10% Maximum Strength Antimicrobial, 5.5 Oz","This strong, antimicrobial foaming wash kills acne-causing bacteria on contact and lifts dirt from pores, ensuring a fresher, clearer complexion. It is designed to clean and unclog pores not just on the face, but also on the chest and back. Clearing existing acne and preventing new blemishes from forming, PanOxyl is your complete solution for acne-prone skin.",https://m.media-amazon.com/images/I/719hqT1t0KL._AC_SX679_.jpg,https://www.amazon.com/PanOxyl-Foaming-Peroxide-Strength-Antimicrobial/dp/B081KL2QYJ/ref=zg_bs_c_beauty_d_sccl_10/141-0769818-8111312?pd_rd_w=DhYBF&content-id=amzn1.sym.20df88a9-6fd7-425b-adb7-aabfc7b723b2&pf_rd_p=20df88a9-6fd7-425b-adb7-aabfc7b723b2&pf_rd_r=397WYQ4QF6NF0TV1WWX6&pd_rd_wg=bnfsX&pd_rd_r=e1d60b4a-50ad-4f36-ab44-54a65c353de5&pd_rd_i=B081KL2QYJ&psc=1&tag=trueessent001-20,panoxyl-acne-foaming-wash-benzoyl-peroxide-10-maximum-strength-antimicrobial-55-oz,,6/11/2025 9:23pm
The Tenant,"The Tenant unfolds a compelling narrative that enthralls the reader from start to finish. The plot is filled with unexpected twists and turns, adding depth to the storyline. The characters are well-developed, each with their unique traits, making the story even more engaging. It's a must-read for all fiction lovers.",https://m.media-amazon.com/images/I/71aOvZBV1cL._SY522_.jpg,https://www.amazon.com/Tenant-Freida-McFadden/dp/1464227314/ref=zg_bs_c_books_d_sccl_5/141-0769818-8111312?pd_rd_w=zN8IK&content-id=amzn1.sym.20df88a9-6fd7-425b-adb7-aabfc7b723b2&pf_rd_p=20df88a9-6fd7-425b-adb7-aabfc7b723b2&pf_rd_r=397WYQ4QF6NF0TV1WWX6&pd_rd_wg=bnfsX&pd_rd_r=e1d60b4a-50ad-4f36-ab44-54a65c353de5&pd_rd_i=1464227314&psc=1&tag=trueessent001-20,the-tenant,,6/11/2025 9:23pm
"Original Sin: President Biden's Decline, Its Cover-Up, and His Disastrous Choice to Run Again","Original Sin: President Biden's Decline, Its Cover-Up, and His Disastrous Choice to Run Again is a riveting non-fiction work that explores the controversial topic of President Biden's second run for presidency. The book investigates claims of Biden's mental and political decline and the alleged cover-ups that followed. It offers an in-depth analysis of his decision to run for president again and the repercussions of this choice. A must-read for those interested in contemporary politics and American presidency.",https://m.media-amazon.com/images/I/41-FN0vWiZL._SY445_SX342_.jpg,https://www.amazon.com/Original-Sin-President-Cover-Up-Disastrous/dp/B0DTYKCJC9/ref=zg_bs_c_books_d_sccl_4/141-0769818-8111312?pd_rd_w=zN8IK&content-id=amzn1.sym.20df88a9-6fd7-425b-adb7-aabfc7b723b2&pf_rd_p=20df88a9-6fd7-425b-adb7-aabfc7b723b2&pf_rd_r=397WYQ4QF6NF0TV1WWX6&pd_rd_wg=bnfsX&pd_rd_r=e1d60b4a-50ad-4f36-ab44-54a65c353de5&pd_rd_i=B0DTYKCJC9&psc=1&tag=trueessent001-20,original-sin-president-bidens-decline-its-cover-up-and-his-disastrous-choice-to-run-again,,6/11/2025 9:23pm
The Emperor of Gladness: Oprah's Book Club: A Novel,"The Emperor of Gladness takes readers on a journey of self-discovery, redemption, and the power of love. As an Oprah's Book Club selection, this novel is guaranteed to provide a thought-provoking and emotionally rich reading experience. It's a must-read for any lover of fiction.",https://m.media-amazon.com/images/I/71MDZqCfmcL._SY466_.jpg,https://www.amazon.com/Emperor-Gladness-Novel-Ocean-Vuong/dp/059383187X/ref=zg_bs_c_books_d_sccl_2/141-0769818-8111312?pd_rd_w=zN8IK&content-id=amzn1.sym.20df88a9-6fd7-425b-adb7-aabfc7b723b2&pf_rd_p=20df88a9-6fd7-425b-adb7-aabfc7b723b2&pf_rd_r=397WYQ4QF6NF0TV1WWX6&pd_rd_wg=bnfsX&pd_rd_r=e1d60b4a-50ad-4f36-ab44-54a65c353de5&pd_rd_i=059383187X&psc=1&tag=trueessent001-20,the-emperor-of-gladness-oprahs-book-club-a-novel,,6/11/2025 9:23pm
The Let Them Theory: A Life-Changing Tool That Millions of People Can't Stop Talking About,"The Let Them Theory is not just a book, but a philosophical tool that is transforming lives across the globe. This ground-breaking non-fiction work presents a theory that encourages individuals to embrace acceptance and let go of resistance, leading to profound personal change. The Let Them Theory offers practical applications for this philosophy, making it not just a book, but a life-guide that millions can't stop talking about.",https://m.media-amazon.com/images/I/91ZVf3kNrcL._SY466_.jpg,https://www.amazon.com/Let-Them-Theory-Life-Changing-Millions/dp/1401971369/ref=zg_bs_c_books_d_sccl_1/141-0769818-8111312?pd_rd_w=zN8IK&content-id=amzn1.sym.20df88a9-6fd7-425b-adb7-aabfc7b723b2&pf_rd_p=20df88a9-6fd7-425b-adb7-aabfc7b723b2&pf_rd_r=397WYQ4QF6NF0TV1WWX6&pd_rd_wg=bnfsX&pd_rd_r=e1d60b4a-50ad-4f36-ab44-54a65c353de5&pd_rd_i=1401971369&psc=1&tag=trueessent001-20,the-let-them-theory-a-life-changing-tool-that-millions-of-people-cant-stop-talking-about,,6/11/2025 9:23pm
"Adorrgon 12x42 HD Binoculars for Adults High Powered with Phone Adapter, Tripod and Tripod Adapter - Large View Binoculars with Clear Low Light Vision - Binocular for Bird Watching Cruise Travel","The Adorrgon 12x42 HD Binoculars are powerful, yet lightweight, delivering a large 367ft/1000yds field of view from over 650 feet away. They offer clear low light vision, making them ideal for hunting or concerts at night. The binoculars feature 18.5mm large eyepieces for HD vision and a brighter view. The upgraded 2025 phone adapter is easy to set up and fits all kinds of smartphones. The included tripod is rotatable 360 degrees, making it perfect for capturing photos.",https://m.media-amazon.com/images/I/71IkmI51xdL._AC_SX466_.jpg,https://www.amazon.com/12x42-Roof-Prism-Binoculars-Adults/dp/B07GF4JCDY/ref=zg_bs_c_photo_d_sccl_16/141-0769818-8111312?pd_rd_w=8xQGb&content-id=amzn1.sym.20df88a9-6fd7-425b-adb7-aabfc7b723b2&pf_rd_p=20df88a9-6fd7-425b-adb7-aabfc7b723b2&pf_rd_r=397WYQ4QF6NF0TV1WWX6&pd_rd_wg=bnfsX&pd_rd_r=e1d60b4a-50ad-4f36-ab44-54a65c353de5&pd_rd_i=B07GF4JCDY&th=1&tag=trueessent001-20,adorrgon-12x42-hd-binoculars-for-adults-high-powered-with-phone-adapter-tripod-and-tripod-adapter---large-view-binoculars-with-clear-low-light-vision---binocular-for-bird-watching-cruise-travel,,6/11/2025 9:23pm
"Digital Microscope, 4.3"" LCD USB Coin Microscope, 1000X 1080P Error Coin Magnifier with 8 Adjustable LED Lights, PC View, Compatible with Windows for Adults Kids","This digital microscope is designed with a 4.3"" LCD display, showing clear images and videos in 1080P HD. The microscope offers 50X-1000X magnification, allowing you to see the smallest details of your observations. It comes with 8 adjustable LED lights for sufficient and uniform lighting. It's powered by a rechargeable battery, making it truly portable and independent. It's compatible with both Windows and MacOS systems and has the capacity to take photos and videos with 200 photos storage and a 32G TF card included.",https://m.media-amazon.com/images/I/71yr12NSpEL._AC_SX466_.jpg,https://www.amazon.com/Digital-Microscope-Magnifier-Adjustable-Compatible/dp/B0D6G6R2P9/ref=zg_bs_c_photo_d_sccl_18/141-0769818-8111312?pd_rd_w=8xQGb&content-id=amzn1.sym.20df88a9-6fd7-425b-adb7-aabfc7b723b2&pf_rd_p=20df88a9-6fd7-425b-adb7-aabfc7b723b2&pf_rd_r=397WYQ4QF6NF0TV1WWX6&pd_rd_wg=bnfsX&pd_rd_r=e1d60b4a-50ad-4f36-ab44-54a65c353de5&pd_rd_i=B0D6G6R2P9&th=1&tag=trueessent001-20,digital-microscope-43-lcd-usb-coin-microscope-1000x-1080p-error-coin-magnifier-with-8-adjustable-led-lights-pc-view-compatible-with-windows-for-adults-kids,,6/11/2025 9:23pm
FitBeast Grip Strengthener Forearm Strengthener Hand Grips Strengthener Kit - 5 Pack Adjustable Resistance,"The FitBeast Grip Strengthener Kit offers an ergonomic design, crafted from superior quality, non-slip rubber for optimal comfort and performance. Ideal for recovery, strength training, sports, and stress relief, these hand grips are adjustable, allowing you to customize the resistance level from beginner to advanced. The compact design and textured handle make it easy to carry and use anywhere, providing you the convenience to strengthen your grip on the go.",https://m.media-amazon.com/images/I/718tBdzFF6L._AC_SX679_.jpg,https://www.amazon.com/Strengthener-FitBeast-Adjustable-Resistance-Exerciser/dp/B07G824Z3V/ref=zg_bs_c_sporting-goods_d_sccl_19/141-0769818-8111312?pd_rd_w=og673&content-id=amzn1.sym.20df88a9-6fd7-425b-adb7-aabfc7b723b2&pf_rd_p=20df88a9-6fd7-425b-adb7-aabfc7b723b2&pf_rd_r=397WYQ4QF6NF0TV1WWX6&pd_rd_wg=bnfsX&pd_rd_r=e1d60b4a-50ad-4f36-ab44-54a65c353de5&pd_rd_i=B07G824Z3V&th=1&tag=trueessent001-20,fitbeast-grip-strengthener-forearm-strengthener-hand-grips-strengthener-kit---5-pack-adjustable-resistance,,6/11/2025 9:23pm
"Kids FreeSip Insulated Stainless Steel Water Bottle with Straw for Sports, Travel, and School, BPA-Free Sports Water Bottle, 16 oz, Celestial Sphere","This Kids FreeSip Insulated Stainless Steel Water Bottle is perfect for the active child on the go. It features a patented FreeSip spout that allows for sipping through a built-in straw or tilting to swig from the spout opening. It comes with a protective push-to-open lid that keeps the spout clean while doubling as a lock. It boasts double-wall insulation to keep drinks cold for up to 24 hours and a wide opening for easy cleaning and adding ice. It's BPA, lead, and phthalate-free for safety.",https://m.media-amazon.com/images/I/615c2+Q4QVL._AC_SX679_.jpg,https://www.amazon.com/Owala-Insulated-Stainless-BPA-Free-Celestial/dp/B0CRC73JTS/ref=zg_bs_c_sporting-goods_d_sccl_13/141-0769818-8111312?pd_rd_w=og673&content-id=amzn1.sym.20df88a9-6fd7-425b-adb7-aabfc7b723b2&pf_rd_p=20df88a9-6fd7-425b-adb7-aabfc7b723b2&pf_rd_r=397WYQ4QF6NF0TV1WWX6&pd_rd_wg=bnfsX&pd_rd_r=e1d60b4a-50ad-4f36-ab44-54a65c353de5&pd_rd_i=B0CRC73JTS&th=1&tag=trueessent001-20,kids-freesip-insulated-stainless-steel-water-bottle-with-straw-for-sports-travel-and-school-bpa-free-sports-water-bottle-16-oz-celestial-sphere,,6/11/2025 9:23pm
Sports Research® Sweet Sweat Waist Trimmer - Premium Sweat Enhancing Fitness Belt for Women & Men - 5 Adjustable Sizes,"The Sports Research® Sweet Sweat Waist Trimmer is not just any fitness belt. It's a high-quality waist trimmer designed to increase your core temperature during exercise to enhance thermogenic activity and sweat. Made to fit both women and men, it comes in 5 adjustable sizes ensuring a snug fit. Whether you are jogging, running, lifting weights or doing yoga, this waist trimmer will help you achieve your fitness goals faster.",https://m.media-amazon.com/images/I/71cSLFE39zL._AC_SX569_.jpg,https://www.amazon.com/Sports-Research-Sweet-Sweat-Trimmer/dp/B017AGGBTU/ref=zg_bs_c_sporting-goods_d_sccl_15/141-0769818-8111312?pd_rd_w=og673&content-id=amzn1.sym.20df88a9-6fd7-425b-adb7-aabfc7b723b2&pf_rd_p=20df88a9-6fd7-425b-adb7-aabfc7b723b2&pf_rd_r=397WYQ4QF6NF0TV1WWX6&pd_rd_wg=bnfsX&pd_rd_r=e1d60b4a-50ad-4f36-ab44-54a65c353de5&pd_rd_i=B017AGGBTU&th=1&psc=1&tag=trueessent001-20,sports-research-sweet-sweat-waist-trimmer---premium-sweat-enhancing-fitness-belt-for-women--men---5-adjustable-sizes,,6/11/2025 9:23pm
"School Supplies Variety Pack, My First All in One Pack, Sharpie, Expo, Paper Mate, Elmer’s, Glue Sticks, Pourable Glues, Pencils, Dry Erase Markers, Highlighters, and More, 31 Count","This robust variety pack features almost everything you need for your child's back-to-school shopping list. It includes Sharpie pocket and tank highlighters, Paper Mate Pink Pearl erasers, handwriting pencils, woodcase pencils, and Expo chisel tip and fine tip low-odor dry erase markers. Elmer's liquid school glue and regular and disappearing purple glue sticks are also included. With 31 items in total, this pack covers a wide array of school needs.",https://m.media-amazon.com/images/I/816hvjfaWML._AC_SX466_.jpg,https://www.amazon.com/SHARPIE-Supplies-Variety-Pourable-Highlighters/dp/B0D19HR16H/ref=zg_bs_g_arts-crafts_d_sccl_35/141-0769818-8111312?th=1&tag=trueessent001-20,school-supplies-variety-pack-my-first-all-in-one-pack-sharpie-expo-paper-mate-elmers-glue-sticks-pourable-glues-pencils-dry-erase-markers-highlighters-and-more-31-count,,6/11/2025 9:23pm
"Neenah Paper Exact Index Card Stock, 94 Bright, 110 lb Index Weight, 8.5 x 11, White, 250/Pack","The Neenah Paper Exact Index Card Stock is a heavyweight 110 lb. paper, making it sturdier than standard 65 lb. cardstock. The pack contains 250 sheets of 8.5"" X 11"" white cardstock, boasting a brightness of 94 and a smooth finish. It works well with both inkjet and laser printers, promising a jam-free printing experience. Notably, this cardstock is lignin and acid-free for long-lasting results, and is FSC certified, reflecting responsible forestry practices.",https://m.media-amazon.com/images/I/71QhdRyj+BL._AC_SX466_.jpg,https://www.amazon.com/Neenah-Exact-Inches-Sheets-Brightness/dp/B006P1EQXA/ref=zg_bs_g_arts-crafts_d_sccl_100/141-0769818-8111312?psc=1&tag=trueessent001-20,neenah-paper-exact-index-card-stock-94-bright-110-lb-index-weight-85-x-11-white-250pack,Automotive,6/11/2025 9:23pm
"Luna Bean Hand Casting Kit – The Original Hand Mold Kit for Couples – Gifts for Women, Bridal Shower, Wedding, Engagement, Anniversary Crafts for Men Wife Husband Boyfriend Girlfriend","The Luna Bean Hand Casting Kit is a comprehensive DIY crafting kit that allows you to create a unique hand mold. It comes with 600g molding powder, 1000g casting stone, and other necessary tools for a flawless crafting experience. This kit is ideal for creating memorable gifts or keepsakes for special occasions like weddings, anniversaries, or date nights. The high-quality molding gel captures every minute detail, ensuring a professional result. It's a thoughtful gift idea that promises a memorable and heartfelt experience.",https://m.media-amazon.com/images/I/71-0qEG6aBL._AC_SX679_.jpg,https://www.amazon.com/Luna-Bean-KEEPSAKE-Plaster-Materials/dp/B01E4LWBLQ/ref=zg_bs_g_arts-crafts_d_sccl_21/141-0769818-8111312?psc=1&tag=trueessent001-20,luna-bean-hand-casting-kit--the-original-hand-mold-kit-for-couples--gifts-for-women-bridal-shower-wedding-engagement-anniversary-crafts-for-men-wife-husband-boyfriend-girlfriend,,6/11/2025 9:23pm
"5Sets Magnetic Reed Switch, Magnetic Door Switch/Magnetic Contact Switch/Normally Open Closed NC NO Door Alarm Window Security, for DC 5V 12V 24V Light (white-31)","This pack of 5 Magnetic Reed Switches, B31 type, is a versatile security tool designed for doors, windows, and cabinets. Made of anti-fire ABS material, it has a contact type of NC/NO/COM and a trigger range of 10-20mm. The maximum switch voltage is 100V, the contact capacity is 500mA, and the rated power is 10W, but it cannot exceed a DC12v power supply. It is lightweight with a net weight of 20g, and its dimensions are 55X12.5X11.5mm. The package also includes screws for mounting on wood.",https://m.media-amazon.com/images/I/61Jx3nQUTfL._SX522_.jpg,https://www.amazon.com/Magnetic-Switch-Normally-Closed-Security/dp/B07YVG94SF?tag=trueessent001-20,5sets-magnetic-reed-switch-magnetic-door-switchmagnetic-contact-switchnormally-open-closed-nc-no-door-alarm-window-security-for-dc-5v-12v-24v-light-white-31,,6/11/2025 9:23pm
"LOVIMAG Strong Magnetic Hooks, 70LBS Magnetic Hooks Heavy Duty Strong Neodymium Magnets with Carabiner Hook, Magnet Hooks with Swivel for Kitchen, Hanging, Cruise, Grill, Refrigerator - 12 Pack Black","LOVIMAG's heavy-duty magnetic hooks are designed to hold up to 70lbs when hung vertically and 20lbs when hung horizontally, making them a versatile storage solution. These hooks are easy to apply on any metal surface without the need for drilling or adhesive materials, saving space and keeping your life organized. The hooks are coated with a triple protection layer of Ni+Cu+Ni, offering corrosion and rust resistance for extended service life. Ideal for use in the garage, kitchen, office, and more.",https://m.media-amazon.com/images/I/81aygUSAKSL._AC_SX679_.jpg,https://www.amazon.com/gp/product/B0C3TSTJQ2?tag=trueessent001-20,lovimag-strong-magnetic-hooks-70lbs-magnetic-hooks-heavy-duty-strong-neodymium-magnets-with-carabiner-hook-magnet-hooks-with-swivel-for-kitchen-hanging-cruise-grill-refrigerator---12-pack-black,,6/11/2025 9:23pm
"Madison Supply Lefthand Scissors Pack - Black Stainless Steel with Teflon Surface, PP Handler on-Stick Coated Blades Medical Scissors - Durable Fluoride-Coated Trauma Shears - Black","Constructed from premium black stainless steel, these 7.5"" scissors are designed for both everyday and emergency use. The blades are coated with fluoride, ensuring durability and effortless cutting of various materials. The scissors can be sterilized up to 290 degrees F, making them highly hygienic. The thick, serrated blades can easily cut through rope, clothing, and plastic, providing swift and efficient patient care.",https://m.media-amazon.com/images/I/71l1i8AB7IL._SX522_.jpg,https://www.amazon.com/Madison-Supply-Premium-Fluoride-Scissors/dp/B00YFG1U9U?tag=trueessent001-20,madison-supply-lefthand-scissors-pack---black-stainless-steel-with-teflon-surface-pp-handler-on-stick-coated-blades-medical-scissors---durable-fluoride-coated-trauma-shears---black,,6/11/2025 9:23pm
"EverOne Emergency Burncare Burn Gel, 3.5g Packets, 25 Count","The EverOne Emergency Burncare Burn Gel uses the powerful properties of all-natural tea-tree oil and a highly effective hydrogel to not only cool the wound but also protect it from infection. This Burn Gel is versatile, offering immediate relief for burns from open flames, hot water, steam, gas, chemicals, or electrical appliances. Once applied, it absorbs and dissipates heat, reduces shock and skin damage, halts the burn process, and provides physical protection against further contamination. This pack comes with 25 individual 3.5g packets, making it an essential addition to any first aid kit.",https://m.media-amazon.com/images/I/71JNRZMuTuL._AC_SX679_.jpg,https://www.amazon.com/EverOne-Emergency-Burncare-Packets-Count/dp/B07PCDY7G9?tag=trueessent001-20,everone-emergency-burncare-burn-gel-35g-packets-25-count,Automotive,6/11/2025 9:23pm
"Burnshield First Aid Burn Relief Hydrogel Sachets, 25 Count","Burnshield First Aid Burn Relief Hydrogel Sachets are designed to provide instant relief from burns. The hydrogel is infused with all natural tea-tree oil, known for its soothing properties. It can be used for burns from open flames, hot water, steam, gas, chemicals or electrical appliances. It not only cools the wound but also keeps it sterile and clean, thereby minimizing shock and skin damage while halting the burn process.",https://m.media-amazon.com/images/I/71kJatYrMDL._AC_SX679_.jpg,https://www.amazon.com/Burnshield-First-Relief-Hydrogel-Sachets/dp/B00IJ3Y0LA?tag=trueessent001-20,burnshield-first-aid-burn-relief-hydrogel-sachets-25-count,,6/11/2025 9:23pm
"BurnFix Burn Gel - 3.5g Per Packet | Soothing Hydrogel Burn Cream for Instant Cooling Sensation | Ideal Burn Gel Packets for First Aid Kits, Minor Burns, and Sunburns (Pack of 25)","BurnFix Burn Gel is a portable and easy-to-use solution for minor burns and sunburns. Each 3.5g packet is filled with a soothing hydrogel formula that offers an immediate cooling effect. This gel is gentle and safe for all skin types, free from harsh chemicals. It's ideal for first aid kits, ready for use anytime, anywhere, providing comfort for various minor skin irritations.","https://m.media-amazon.com/images/I/51xOiM32vOL._AC_PIbundle-25,TopRight,0,0_SH20_.jpg",https://www.amazon.com/BurnFix-Burn-Gel-Soothing-Hydrogel/dp/B0DCPBCFFF?tag=trueessent001-20,burnfix-burn-gel---35g-per-packet--soothing-hydrogel-burn-cream-for-instant-cooling-sensation--ideal-burn-gel-packets-for-first-aid-kits-minor-burns-and-sunburns-pack-of-25,,6/11/2025 9:23pm
"Magnetic Reed Switch MC-32 NC/NO Surface Mount Wired Door Window Alarm, Magneti Door Switch, Contact Sensor, for Home Security and Burglar Alarm Systems, Sets of 5, White","The Magnetic Reed Switch MC-32 NC/NO is a robust security device designed to secure your home or office. It is rated at 100V, with a maximum switch current capacity of 500mA and a maximum switch power of 10W. The reed switch comes with a 25cm cable and an overall size of 64 x 13mm. It is versatile, with options for normally open or normally closed operations, and has a trigger range of 15-25mm. The package comes with five sets of the reed switch, making it ideal for multiple doors or windows.","https://m.media-amazon.com/images/I/61hUaTpGZSL._AC_SX679_PIbundle-5,TopRight,0,0_SH20_.jpg",https://www.amazon.com/Magnetic-MC-32-NC-NO-Security/dp/B0BG2RR42B?tag=trueessent001-20,magnetic-reed-switch-mc-32-ncno-surface-mount-wired-door-window-alarm-magneti-door-switch-contact-sensor-for-home-security-and-burglar-alarm-systems-sets-of-5-white,,6/11/2025 9:23pm
"IS335 WIRED PIR Motion Detector, 40' x 56' by Honeywell","The IS335 WIRED PIR Motion Detector by Honeywell is a top-of-the-line security device, designed to keep your space safe. With a wide coverage area of up to 40 feet by 56 feet, this detector ensures no movement goes unnoticed. The wired design provides reliable performance without the need to worry about battery life. Ideal for both residential and commercial spaces, it's a smart investment for enhanced security.",https://m.media-amazon.com/images/I/41WsknHjzJL._AC_SX679_.jpg,https://www.amazon.com/IS335-WIRED-Motion-Detector-Honeywell/dp/B00TYY8LR2?tag=trueessent001-20,is335-wired-pir-motion-detector-40-x-56-by-honeywell,,6/11/2025 9:23pm
BOJACK Photoresistance 5 mm Photo Light Sensitive Resistor LDR GM5539 GL5539 (Pack of 50),"These 5mm photo light sensitive resistors are designed for maximum voltage of 150 VDC and maximum wattage of 100 mW. They can operate in temperatures ranging between - 30 ~ + 70 ℃, ensuring reliability in various conditions. The resistors have a spectral peak at 540 nm and light resistance of 50-100 KΩ at 10 Lux, making them versatile for multiple uses in the scientific field.",https://m.media-amazon.com/images/I/61rUTQ8Iq5L._SX522_.jpg,https://www.amazon.com/BOJACK-Photoresistance-Sensitive-Resistor-GM5539/dp/B08BKRPBVL?tag=trueessent001-20,bojack-photoresistance-5-mm-photo-light-sensitive-resistor-ldr-gm5539-gl5539-pack-of-50,,6/11/2025 9:23pm
"18MM Nylon Climbing Sling Runner 23KN CE2008/EN566 Rock Climbing Webbing Straps for Outdoor Climbing, Rappelling, Swing, Yoga Hammock etc","Our 18MM Nylon Climbing Sling Runner is made of high-quality, durable nylon webbing that offers a long service life. It comes with a breaking strength of 23KN/5170LBS, providing high durability and safety. Available in two sizes and two colors, it is suitable for a variety of purposes including rock climbing, rappelling, swinging, and more. The product has passed CE2008 and EN566 certification, guaranteeing safe and reliable use. It's lightweight and easy to carry, making it the ideal choice for outdoor activities.",https://m.media-amazon.com/images/I/61nq4ciHUVL._AC_SX679_.jpg,https://www.amazon.com/dp/B0CD5KVL3S?ref=fed_asin_title&tag=trueessent001-20,18mm-nylon-climbing-sling-runner-23kn-ce2008en566-rock-climbing-webbing-straps-for-outdoor-climbing-rappelling-swing-yoga-hammock-etc,,6/11/2025 9:23pm
BBTO 4 Pieces Telescoping Inspection Mirror Telescoping LED Lighted Flexible Inspection Mirror Tool for Checking Observing Vehicle Small Parts (Modern Style),"This tool features a small observation mirror with a metal frame, clipped in a shirt pocket for convenience. The telescoping rod adjusts to your needs and the neck mirror rotates 360 degrees for easy observation of hard-to-reach areas. Perfect for tool manufacturers, mechanics, inspectors, dentists, makeup artists, and more. The package includes 4 rotating inspection mirrors, with or without LED lights, for different occasions.",https://m.media-amazon.com/images/I/614KQDbmzYL._SX522_.jpg,https://www.amazon.com/dp/B09J19HM2F?ref=fed_asin_title&tag=trueessent001-20,bbto-4-pieces-telescoping-inspection-mirror-telescoping-led-lighted-flexible-inspection-mirror-tool-for-checking-observing-vehicle-small-parts-modern-style,,6/11/2025 9:23pm
"Streamlight 65018 Stylus 11-Lumen White LED Pen Light with 3 AAAA Alkaline Batteries, Black","This high-intensity LED pen light from Streamlight offers a 24-meter beam distance and 24-hour runtime. It features a momentary blink switch and constant on, making it versatile for different uses. The pen light comes with 3 'AAAA' alkaline batteries, a pocket clip and a Glare Guard. It is rated IPX4, indicating its water-resistant operation.",https://m.media-amazon.com/images/I/61MLJfeVqYL._AC_SX679_.jpg,https://www.amazon.com/dp/B00008BFS5?ref=fed_asin_title&tag=trueessent001-20,streamlight-65018-stylus-11-lumen-white-led-pen-light-with-3-aaaa-alkaline-batteries-black,Miscellaneous,6/11/2025 9:23pm
"First Aid Stainless Steel EMT 5.5"" Trauma Shears Bandage Scissors By SurgicalOnline","SurgicalOnline's First Aid EMT 5.5"" Trauma Shears are designed for safety, comfort, and precision. Built from corrosion-resistant surgical stainless steel, they are autoclavable for proper sanitation. With blunt-end safety tips and sharp blades, these shears provide an accurate, safe cut without harming the patient. These beautiful, high mirror finish shears are ideal for use in hospitals, medical offices, or even for medical students.",https://m.media-amazon.com/images/I/31i1qVuTL9L._AC_.jpg,https://www.amazon.com/dp/B075WZP7FF?ref=fed_asin_title&tag=trueessent001-20,first-aid-stainless-steel-emt-55-trauma-shears-bandage-scissors-by-surgicalonline,,6/11/2025 9:23pm
"PIR Sensor Dual Passive Infrared Motion Detector Hard Wired Request to Exit for Residential or Commercial Burglar Alarm Systems, White","This PIR Sensor operates within a 9V-16V DC voltage range and offers a NC or NO alarm output rated for up to 28VDC 100ma. Its advanced image sensor technology effectively eliminates false alarms, ensuring reliable protection. The device covers a 40-foot detection distance and comes with a swivel bracket for precise angle adjustment. It is the perfect alarm system PIR sensor for both residential and commercial applications.",https://m.media-amazon.com/images/I/61aESQS4doL._AC_SY879_.jpg,https://www.amazon.com/Panopticon-Tech-Infrared-Residential-Commercial/dp/B098TRG529?tag=trueessent001-20,pir-sensor-dual-passive-infrared-motion-detector-hard-wired-request-to-exit-for-residential-or-commercial-burglar-alarm-systems-white,,6/11/2025 9:23pm
EXCELLENT ELITE SPANKER Tactical Open Top Double/Triple Pistol Mag Pouch for Glock M1911 92F Magazines 40mm Grenade,"This tactical mag pouch is made from high-quality military 500D Cordura Nylon, making it tear-resistant and wear-resistant. The pouch features 4 thick molle nylon belts on the back with adjustable straps to prevent slipping, and a high-elastic elastic band on the side to secure various types of mags and tools. The Open-Top design offers easy access to your magazine and is compatible with a wide range of pistol magazines.",https://m.media-amazon.com/images/I/71XA9Ntec4L._AC_SX679_.jpg,https://www.amazon.com/EXCELLENT-ELITE-SPANKER-Tactical-Magazines/dp/B07KZTV216?tag=trueessent001-20,excellent-elite-spanker-tactical-open-top-doubletriple-pistol-mag-pouch-for-glock-m1911-92f-magazines-40mm-grenade,,6/11/2025 9:23pm
"Komelon SL2912; 12' x 5/8"" Self-Lock Speed Mark Tape Measure, Yellow","The Komelon SL2912 tape measure features a self-locking mechanism that ensures smooth blade extension, and a push button for effortless blade retraction. Its nylon coated blade offers maximum durability and longevity. The tape measure is designed with printed fractional graduations for easy reading and highly accurate measurements. This tool is an essential addition to any home improvement kit.",https://m.media-amazon.com/images/I/71p5uMPGigL._AC_SX679_.jpg,https://www.amazon.com/Komelon-SL2912-Self-Speed-12-FootPower/dp/B0016A2U9M?tag=trueessent001-20,komelon-sl2912-12-x-58-self-lock-speed-mark-tape-measure-yellow,,6/11/2025 9:23pm
Fluke TL224 SureGrip Insulated Test Leads,"The Fluke TL224 SureGrip Insulated Test Leads are designed with safety shrouded, standard diameter banana plugs and have a right angle connector on one end and a straight connector on the other. They have a reinforced strain relief and a 1.5 meter silicone insulated wire that resists heat and cold. The leads are rated Cat IV 600 v, Cat III 1000 v, 10 a, and are UL listed. The SureGrip accessories are designed to improve steadiness in slippery hands, providing a comfortable, reliable grip with rubber over molded surfaces and finger hugging curves.",https://m.media-amazon.com/images/I/51411oTFTOL._SX522_.jpg,https://www.amazon.com/Fluke-TL224-SureGrip-Insulated-Length/dp/B0002SRINW?tag=trueessent001-20,fluke-tl224-suregrip-insulated-test-leads,,6/11/2025 9:23pm
Permotary 50 PCS Oral Mirrors Disposable Dental Exam Mirrors Professional Dental Teeth Dentist Mirrors Plastic Dental Mouth Mirror (White),"The Permotary Dental Mirrors are made from high quality ABS plastic, ensuring a lightweight but durable design. The mirrors are ergonomically angled to provide clear vision inside the mouth, making oral examination easier. These disposable mirrors are ideal for everyone, helping to maintain family health. Moreover, they promise a vivid reflected image and are designed to resist breakage or fogging, making them a good choice for daily family use and dental examinations.",https://m.media-amazon.com/images/I/51PaFEFSnFL._SX522_.jpg,https://www.amazon.com/Permotary-Mirrors-Disposable-Professional-Dentist/dp/B087BPZDMY?tag=trueessent001-20,permotary-50-pcs-oral-mirrors-disposable-dental-exam-mirrors-professional-dental-teeth-dentist-mirrors-plastic-dental-mouth-mirror-white,,6/11/2025 9:23pm
BIG HORN 17062 6-Inch Outside Caliper,"This outside caliper is perfect for measuring the outside dimensions of round stock, pipe, or other irregularly shaped materials with minimal error. It's built with durable steel construction and hardened points for precise, consistent marking. The precision ground legs ensure accurate alignment and contact with the work surface. It also features a threaded spool mechanism for smooth, infinite adjustment and a self-seating washer and nut for secure locking of measurements.",https://m.media-amazon.com/images/I/41H8cCAsz6L._AC_SX679_.jpg,https://www.amazon.com/Big-Horn-17062-Outside-Caliper/dp/B00F5VUSXS?tag=trueessent001-20,big-horn-17062-6-inch-outside-caliper,,6/11/2025 9:23pm
ZZTX Metal Straight Edge Ruler Set - Stainless Steel 6 Inch Rulers Bulk 12 Pack,"The ZZTX Metal Straight Edge Ruler Set is a 12-pack of 6-inch stainless steel rulers, designed for longevity and resistance to rust and corrosion. With a thickness of 0.9mm, the rulers avoid sharp edges for user safety. The rulers feature a smooth design with one square end and one rounded end with a hanging hole for easy storage. Ideal for multiple uses, including school, office, crafting, engineering, and carpentry.",https://m.media-amazon.com/images/I/81GqEBGUx5L._AC_SX466_.jpg,https://www.amazon.com/Ruler-Metal-Straight-Stainless-Rulers/dp/B07R8LWDGP?tag=trueessent001-20,zztx-metal-straight-edge-ruler-set---stainless-steel-6-inch-rulers-bulk-12-pack,Automotive,6/11/2025 9:23pm
"Kwikset SmartCode 955 Light Commercial 10-Button Keypad Satin Chrome Electronic Kingston Lever, Featuring Convenient Keyless Entry, 3-Year Battery Life and High Traffic Durability","The Kwikset SmartCode 955 offers convenient keyless entry with a secure and simple keypad system. Designed for high-traffic areas, the lock has been tested to 500,000 cycles for lasting performance. It features a 3-year battery life, reducing the frequency of battery replacements. The device also allows easy code management, with the capacity to customize up to 30 user codes. It has 3 lock modes, including Auto-Lock and Passage modes, which can be easily switched with the turnpiece.",https://m.media-amazon.com/images/I/61LEkOSc4eL._AC_SX679_.jpg,https://www.amazon.com/dp/B0DLHGZHXM?tag=trueessent001-20,kwikset-smartcode-955-light-commercial-10-button-keypad-satin-chrome-electronic-kingston-lever-featuring-convenient-keyless-entry-3-year-battery-life-and-high-traffic-durability,,6/11/2025 9:23pm
"Tape Measure Body Measuring Tape, 120 Inch Soft Fabric Measuring Tape for Sewing Cloth Measurement, Double Scale Tailor Ruler for Weight Loss Medical Measurement Nursing Craft(White/Black)","Experience precision with this ultra-long, 120 Inch Soft Fabric Measuring Tape, ideal for all your measuring needs from tailoring to body measurements. It features clear markings in two units - inches and centimeters, that are easy to read and not prone to fading. Made from fiber glass, it's soft yet durable, and comes with metal ends to prevent fraying. This measuring tape is perfect for a wide range of applications, from sewing and crafts to weight loss tracking and medical measurements.",https://m.media-amazon.com/images/I/71cQb7hLyYL._AC_SX679_.jpg,https://www.amazon.com/dp/B07WV6X74X?tag=trueessent001-20,tape-measure-body-measuring-tape-120-inch-soft-fabric-measuring-tape-for-sewing-cloth-measurement-double-scale-tailor-ruler-for-weight-loss-medical-measurement-nursing-craftwhiteblack,,6/11/2025 9:23pm
5mL Luer Lock Syringe (No Needle) | Individually Wrapped - Single Use | Industrial & Personal | 100 Pack | Yalomi,"The Yalomi 5mL disposable syringes come with a Luer Lock tip for a quick, secure fit that ensures smooth fluid transfer with minimal effort. They feature clear, easy-to-read graduation marks for precise liquid measurement. These syringes are individually wrapped for single use, optimizing them for precise small-volume dispensing. They are commonly used in professional settings like laboratories, as well as in personal care, industrial use, and specialized applications.",https://m.media-amazon.com/images/I/71VBeZbpXAL._AC_SX679_.jpg,https://www.amazon.com/Luer-Syringe-Needle-Individually-Wrapped/dp/B0DXNFVFVG?tag=trueessent001-20,5ml-luer-lock-syringe-no-needle--individually-wrapped---single-use--industrial--personal--100-pack--yalomi,,6/11/2025 9:23pm
"Tape Measure Body Measuring Tape, 120 Inch Soft Fabric Measuring Tape for Sewing Cloth Measurement, Double Scale Tailor Ruler for Weight Loss Medical Measurement Nursing Craft(2 Pack/Black)","Our Tape Measure Body Measuring Tape is a 120 Inch soft fabric tape that outperforms the conventional 60 Inch tapes. It features double scales with 120 Inch on one side and 300 cm on the other, ensuring clear and easy reading. This tape is made of durable fiber glass with metal ends that prevent fraying, providing you with consistent measurements. It is ideal for a variety of tasks including sewing, tailoring, body measurement, weight loss tracking and more.",https://m.media-amazon.com/images/I/619EmfN1PkL._AC_SX679_.jpg,https://www.amazon.com/dp/B07HR9MPR5?tag=trueessent001-20,tape-measure-body-measuring-tape-120-inch-soft-fabric-measuring-tape-for-sewing-cloth-measurement-double-scale-tailor-ruler-for-weight-loss-medical-measurement-nursing-craft2-packblack,,6/11/2025 9:23pm
EXPO Low Odor Dry Erase Markers Chisel Tip Assorted Fashion Colors 36 Count for Classroom Office & Home Use,"These dry erase markers come in 36 assorted fashion colors, each featuring a versatile chisel tip that allows for broad, medium or fine lines. They contain a special alcohol-based, virtually odorless ink that is vivid, quick-drying and easy to erase. Suitable for use on whiteboards and most non-porous surfaces, these markers provide clean and effortless erasing, making them an ideal choice for various settings.",https://m.media-amazon.com/images/I/814ZlkBCeiL._AC_SX466_.jpg,https://www.amazon.com/EXPO-Low-Odor-Markers-Chisel-Assorted/dp/B08WRK5Y5Q?tag=trueessent001-20,expo-low-odor-dry-erase-markers-chisel-tip-assorted-fashion-colors-36-count-for-classroom-office--home-use,,6/11/2025 9:23pm
"E6000 237032 Craft Adhesive, 2 fl oz Clear, 2 Pack","The E6000 Craft Adhesive is a 2-ounce tube of clear adhesive, sold in a pack of two. It's photo-safe, printable, and can withstand the rigors of being washed and dried in a machine. This makes it ideal for various crafts and DIY projects, providing a reliable and durable bond.",https://m.media-amazon.com/images/I/71N+1fUDdSL._SX522_.jpg,https://www.amazon.com/E6000-237032-Craft-Adhesive-Clear/dp/B07X1SJPSZ?tag=trueessent001-20,e6000-237032-craft-adhesive-2-fl-oz-clear-2-pack,,6/11/2025 9:23pm
"Rite in the Rain Weatherproof Top Spiral Notebook, 3"" x 5"", Black Cover, Universal Pattern, 3 Pack (No. 735-3X)","The Rite in the Rain weatherproof notebook comes in a pack of three, each with a tough, black Polydura cover. Each notebook contains 100 pages of all-weather paper that repels water, sweat, and grease, making it perfect for outdoor use. The Wire-O binding ensures the notebook retains its shape even in harsh conditions. Suitable for use with a standard #2 pencil or an all-weather pen when wet and with ballpoints and permanent markers when dry. Moreover, these notebooks are recyclable, making them an eco-friendly choice.",https://m.media-amazon.com/images/I/81j8UoSQOUL._AC_SX466_.jpg,https://www.amazon.com/Rite-Rain-Weatherproof-Universal-735-3X/dp/B0CWSB1N8F?tag=trueessent001-20,rite-in-the-rain-weatherproof-top-spiral-notebook-3-x-5-black-cover-universal-pattern-3-pack-no-735-3x,,6/11/2025 9:23pm
Bell+Howell Splash WP10-Y 16.0 Megapixel Waterproof Digital Camera with 2.4-Inch LCD & HD Video (Yellow),"Featuring a high resolution of 16.0 Megapixels, the Bell+Howell Splash WP10-Y Digital Camera captures stunning images with 8x digital zoom. It's waterproof up to 10 feet, making it perfect for aquatic adventures. The camera has a 2.4-inch LCD screen for image review and composition, and it records HD videos. It uses Micro SD cards up to 16 GB for storage (not included) and is powered by two AAA batteries (included).",https://m.media-amazon.com/images/I/718gNyTZTuL._AC_SX466_.jpg,https://www.amazon.com/dp/B0094AYSQY?tag=trueessent001-20,bellhowell-splash-wp10-y-160-megapixel-waterproof-digital-camera-with-24-inch-lcd--hd-video-yellow,,6/11/2025 9:23pm
10-Pack Wedge-It Ultimate Door Stop - Black,"This 10-pack Wedge-It Ultimate Door Stop in Black is highly recommended for its classic design and top-notch quality. The door stops are designed to provide a reliable hold for any door, preventing unwanted movement and ensuring safety. They are durable, easy to install and ideal for use in home improvements and hardware applications.",https://m.media-amazon.com/images/I/61Rwaeg3PNL._AC_SX679_.jpg,https://www.amazon.com/10-Pack-Wedge-Ultimate-Door-Stop/dp/B00MNBFZ6I?tag=trueessent001-20,10-pack-wedge-it-ultimate-door-stop---black,,6/11/2025 9:23pm
"Dry Erase Lapboards - Pack of 25 Whiteboard Set - 9x12 - Student Single Sided - Improve Children's Classroom Learning with Reusable, Durable, Portable White Boards","Our Dry Erase Lapboards come in a pack of 25 and offer a convenient tool for enhancing classroom learning. These 9x12 inch single-sided lapboards are durable, reusable, and portable, making them ideal for a variety of educational or entertainment activities. The easy-to-clean surface ensures no hard scrubbing or ghosting, encouraging children to be responsible for their own clean-up. Its slim and sturdy design allows it to be easily stored and carried, making it a great choice for teachers and students alike. Furthermore, this cost-effective pack allows teachers to utilize existing markers and homemade erasers, thus saving on resources.",https://m.media-amazon.com/images/I/71Jbv0tAauL._AC_SX466_.jpg,https://www.amazon.com/Dry-Erase-Lapboards-Whiteboard-Childrens/dp/B07BWKC8RM?tag=trueessent001-20,dry-erase-lapboards---pack-of-25-whiteboard-set---9x12---student-single-sided---improve-childrens-classroom-learning-with-reusable-durable-portable-white-boards,,6/11/2025 9:23pm
Sharpie Permanent Markers Bulk Set Fine Tip Markers Set For Plastic Metal Wood And More Black 36 Count,"The Sharpie Permanent Markers set includes 36 black markers, all with resilient, quick-drying ink that's water and fade-resistant. The ink is AP certified and brilliantly intense, making your marks vibrant and eye-catching. Regardless of the surface - be it paper, plastic, metal, or wood - these markers are perfectly suited. The fine tip ensures that your lines are bold and detailed, making these markers endlessly versatile.",https://m.media-amazon.com/images/I/819S9huvsML._AC_SX466_.jpg,https://www.amazon.com/Sharpie-1884739-Permanent-Markers-Point/dp/B00G4CJ8GK?tag=trueessent001-20,sharpie-permanent-markers-bulk-set-fine-tip-markers-set-for-plastic-metal-wood-and-more-black-36-count,,6/11/2025 9:23pm
"Aniann 1280 Pieces 64 Values Resistor Kit, 1% Assorted Resistors 1 Ohm-10M Ohm 1/4W Metal Film Resistors Assortment for DIY Projects and Experiments","This extensive Resistor Assortment Kit includes the most common resistor values, with 20pcs of each value. Each resistor has a ±1% tolerance range and 1/4w metal film for better temperature stability. The thick metal pins offer a sturdy connection with low noise and high precision. The kit comes in a convenient plastic box where each value resistor is neatly packed and marked. This kit is great for Arduino projects and other electronic and electrical experiments.",https://m.media-amazon.com/images/I/517sCkbv+nL._AC_.jpg,https://www.amazon.com/gp/product/B07L851T3V/ref=ox_sc_act_title_13?smid=A33BDOV3YLXRFY&psc=1&tag=trueessent001-20,aniann-1280-pieces-64-values-resistor-kit-1-assorted-resistors-1-ohm-10m-ohm-14w-metal-film-resistors-assortment-for-diy-projects-and-experiments,,6/11/2025 9:23pm
Twidec/10Pcs Mini Toggle Switch DPDT 3 Position 6 Pins ON/OFF/ON AC 125V 5A Car Boat Switches with Waterproof Cap MTS-203MZ,"Manufactured in China, this Toggle Switch is a DPDT type with 6 terminal pins. The mounting hole diameter is 6mm and the switch is rated for 5A 125V AC 2A 250V AC. The main body size measures 13 x 10mm and the overall height is 33mm. The package includes 10 Pcs x Toggle Switch and 10pcs Waterproof Cap.",https://m.media-amazon.com/images/I/71gFf27pxPL._AC_SX466_.jpg,https://www.amazon.com/gp/product/B07LBN6DKX/ref=ox_sc_act_title_12?smid=AGOSLUO29ZUJ2&th=1&tag=trueessent001-20,twidec10pcs-mini-toggle-switch-dpdt-3-position-6-pins-onoffon-ac-125v-5a-car-boat-switches-with-waterproof-cap-mts-203mz,Automotive,6/11/2025 9:23pm
"10PCS SFM-27 DC 3-24V Alarm Siren Electronic Piezo Active Buzzer, 95dB High Decibel Continuous Beep Speaker for Arduino","Built with high-quality ABS material, this active piezo electronic buzzer alarm delivers an impressive 95dB sound output. Easy to operate with its 2-wire pigtails, it can be directly powered by any DC power source from 3 to 24 Volts. Compact in size, with a diameter and height of 22mm*10mm, it is ideal for a variety of electronic devices, including computers, printers, copiers, alarms, and electronic toys. Its durability and stable performance ensure a long service life.","https://m.media-amazon.com/images/I/619+SfOiUpL._AC_SX679_PIbundle-10,TopRight,0,0_SH20_.jpg",https://www.amazon.com/gp/product/B07VRDRW2T/ref=ox_sc_act_title_11?smid=AC5VH8O1DV1ER&psc=1&tag=trueessent001-20,10pcs-sfm-27-dc-3-24v-alarm-siren-electronic-piezo-active-buzzer-95db-high-decibel-continuous-beep-speaker-for-arduino,,6/11/2025 9:23pm
(20PCS) C106DG THYRISTOR SCR 4A 400V TO225AA 106 C106,"This C106DG THYRISTOR SCR 4A 400V is a robust and reliable tool suited for various industrial applications. It comes in a TO-225AA supplier device package and TO-126-3 case. It can operate within a temperature range of -40°C to 110°C, has a non-repetitive surge capacity of 20A at 60Hz, and an off-state current maximum of 10µA. Its quality and performance make it a valuable tool in any industrial setting.",https://m.media-amazon.com/images/I/51T5wQpHTdL._SX522_.jpg,https://www.amazon.com/gp/product/B0CFXP4QYH/ref=ox_sc_act_title_10?smid=AJYBT3Y8BM0CM&psc=1&tag=trueessent001-20,20pcs-c106dg-thyristor-scr-4a-400v-to225aa-106-c106,,6/11/2025 9:23pm
Twidec/10Pcs Rocker Switch AC 6A/250V 10A/125V SPST 2 Pins 2 Position ON/Off Car Boat Square Black Rocker Switch Toggle with Pre-soldered Wires KCD1-X-F,"The Twidec/10Pcs Rocker Switch is a Single Pole Single Throw (SPST) switch with two pins and two positions (ON/OFF), perfect for use in cars and boats. It's rated for AC 125V, 10A and AC 250V, 6A, and comes pre-wired with a length of 200mm/7.7 inches, making installation easy and cost-effective. The switch has a robust mechanical life of more than 80,000 cycles and an electrical life of more than 10,000 cycles. The overall size is compact, making it suitable for various applications. Please remember to power off before installation.",https://m.media-amazon.com/images/I/712XGmI-g7L._SX522_.jpg,https://www.amazon.com/gp/product/B07SPY9H7Y/ref=ox_sc_act_title_9?smid=AGOSLUO29ZUJ2&psc=1&tag=trueessent001-20,twidec10pcs-rocker-switch-ac-6a250v-10a125v-spst-2-pins-2-position-onoff-car-boat-square-black-rocker-switch-toggle-with-pre-soldered-wires-kcd1-x-f,Automotive,6/11/2025 9:23pm
IRF510 MOSFET Transistor 5.6A 100V IRF510PBF N-Channel Power 5.6 Amp 100 Volt (Pack of 10pcs),"The ALLECIN IRF510 MOSFET Transistor is a commonly used electronic component with a current rating of 5.6 A and a voltage rating of 100 V. With a maximum power of 43 W, this transistor features high power handling, high voltage capability, and low power loss. Made from high-quality materials, it is suitable for various applications. The product comes in humanized packaging for easy storage and use, with printed markings for easy identification.",https://m.media-amazon.com/images/I/71RVXoS6YCL._SX522_.jpg,https://www.amazon.com/gp/product/B0CBKG9YZH/ref=ox_sc_act_title_8?smid=A3FX7C4A9P37IQ&th=1&tag=trueessent001-20,irf510-mosfet-transistor-56a-100v-irf510pbf-n-channel-power-56-amp-100-volt-pack-of-10pcs,,6/11/2025 9:23pm
100 Pieces 1 Watts 1W 390R 390 Ohm 5% Carbon Film Resistor,"The package includes 100 pieces of 1W, 390R, 390 Ohm Carbon Film Resistors, each one with a 5% tolerance. The resistors comply with ROHS standards, ensuring their safety and quality. With a length of 60mm and a metal cylinder diameter of 4mm, these resistors are perfect for any scientific and industrial applications. The package quantity ensures that you have enough pieces for any project.",https://m.media-amazon.com/images/I/41vVwJUKMeL._SY445_SX342_QL70_FMwebp_.jpg,https://www.amazon.com/gp/product/B0BRFYJYPN/ref=ox_sc_act_title_7?smid=A1G4TRJSF885ET&th=1&tag=trueessent001-20,100-pieces-1-watts-1w-390r-390-ohm-5-carbon-film-resistor,Automotive,6/11/2025 9:23pm
yueton 10 Pcs AC 125V 6A Amps ON/ON 6 Terminals 2 Position DPDT Toggle Switch,"This pack of 10 toggle switches by yueton is highly durable and rated for AC 125V, 6A. Each switch features a 6-pin configuration with 2 positions (ON/ON), making it versatile for different uses. With a screw diameter of 6mm and a total size of 1.3"" x 0.5"", these switches are compact and easy to install. The package includes 10 pieces of DPDT toggle switch.",https://m.media-amazon.com/images/I/61AStE+CgNL._AC_SX679_.jpg,https://www.amazon.com/gp/product/B013DZB6CO/ref=ox_sc_act_title_6?smid=A1ONFA8JYPSCVJ&psc=1&tag=trueessent001-20,yueton-10-pcs-ac-125v-6a-amps-onon-6-terminals-2-position-dpdt-toggle-switch,,6/11/2025 9:23pm
"E-Projects 100EP514100R 100 Ohm Resistors, 1/4 W, 5% (Pack of 100)","This pack of 100 Ohm Resistors from E-Projects is designed for efficiency and reliability. Each resistor offers a power of 1/4 Watt and a 5% tolerance. The resistors are coated with a flame retardant material for added safety. They are equipped with stiff 24 gauge leads, making them perfect for use with solderless plug-in breadboards. The resistors utilize a carbon film for enhanced performance.",https://m.media-amazon.com/images/I/41nAwBrO0cL.jpg,https://www.amazon.com/gp/product/B00AVSDYFO/ref=ox_sc_act_title_5?smid=AODFMOUHD0RRM&psc=1&tag=trueessent001-20,e-projects-100ep514100r-100-ohm-resistors-14-w-5-pack-of-100,,6/11/2025 9:23pm
"E-Projects 100EP51239K0 39K Ohm Resistors, 1/2 W, 5% (Pack of 100)","The E-Projects 100EP51239K0 39K Ohm Resistors are designed for precise electronic applications. These resistors have a power rating of 1/2 Watt and a tolerance of 5%, ensuring accurate resistance for your projects. The resistors feature stiff leads, making them perfect for plug-in solderless breadboards. Made of carbon film, these resistors are reliable and durable.",https://m.media-amazon.com/images/I/41mxaeyOQZL._SX522_.jpg,https://www.amazon.com/gp/product/B0DGZ9L8MT/ref=ox_sc_act_title_4?smid=AODFMOUHD0RRM&psc=1&tag=trueessent001-20,e-projects-100ep51239k0-39k-ohm-resistors-12-w-5-pack-of-100,,6/11/2025 9:23pm
ELEGOO 6PCS 400 Point Breadboard Kit Solderless Breadboards for Arduino Project Small Bread Board Electronics for Circuits PCB Prototype Board,"This 400 Points Breadboard kit comes with 2 Positive & Negative Power Lines on both ends, allowing for versatile prototypes and circuit experiments. The four power rails and color legend on distribution strips aid in efficient circuit building. Constructed with a high-quality white PP plastic body and black printed legend, it is durable and easy to use. The kit is conveniently packed in a paper box for safe storage and transportation. Additionally, it features a self-adhesive tape on the back for easy attachment to the Prototype Shield.","https://m.media-amazon.com/images/I/81WIbdo45zL._AC_SX466_PIbundle-6,TopRight,0,0_SH20_.jpg",https://www.amazon.com/gp/product/B0CYPVMK9J/ref=ox_sc_act_title_3?smid=A2WWHQ25ENKVJ1&psc=1&tag=trueessent001-20,elegoo-6pcs-400-point-breadboard-kit-solderless-breadboards-for-arduino-project-small-bread-board-electronics-for-circuits-pcb-prototype-board,,6/11/2025 9:23pm
HiLetgo 3pcs MB-102 Breadboard 830 Point Solderless Prototype PCB Board DIY Kit for Arduino Proto Shield Distribution Connecting Blocks,The HiLetgo MB-102 Breadboard kit consists of three 830-point solderless prototype PCB boards. These high-quality boards are perfect for DIY Arduino proto shield distribution connecting blocks projects. They make prototyping easy with a clear layout and durable build. The boards are reusable and compatible with a wide range of electronics and components.,https://m.media-amazon.com/images/I/71D+Qu7N9XL._SX522_.jpg,https://www.amazon.com/gp/product/B072DRP4RQ/ref=ox_sc_act_title_2?smid=A30QSGOJR8LMXA&psc=1&tag=trueessent001-20,hiletgo-3pcs-mb-102-breadboard-830-point-solderless-prototype-pcb-board-diy-kit-for-arduino-proto-shield-distribution-connecting-blocks,,6/11/2025 9:23pm
Procell 9V Alkaline Battery Bulk Pack - 72 Per Package,"The Procell 9V Alkaline Battery Bulk Pack is proudly made in the United States. This package is designed for convenience, with a compact size of 6.8""L x 5""W x 4.7""H and a weight of 7.8 pounds. With 72 batteries included, this pack is ideal for those constantly in need of reliable power sources for their devices.",https://m.media-amazon.com/images/I/61hsyKO0ZsL._AC_SX466_.jpg,https://www.amazon.com/gp/product/B0045NGW14/ref=ox_sc_act_title_1?smid=ABMX3MLOD4J6L&psc=1&tag=trueessent001-20,procell-9v-alkaline-battery-bulk-pack---72-per-package,,6/11/2025 9:23pm
"12"" x 100' Roll of Paper Transfer Tape for Vinyl, Made in America, Premium-Grade Transfer Paper for Vinyl with Layflat Adhesive for Cricut Crafts, Decals, and Letters","This 12 inch wide x 100 foot long roll of vinyl transfer tape is perfect for craft die cutters, digital printing, and sign making. It's made with a 4-mil, natural colored paper, providing superior quality. The layflat adhesive ensures it stays flat on any surface, improving the final outcome of your decal. Plus, it's easy to remove without leaving frustrating, sticky marks behind.",https://m.media-amazon.com/images/I/71n5RuPCqNL._SX522_.jpg,https://www.amazon.com/dp/B08563Q5ND?ref=fed_asin_title&tag=trueessent001-20,12-x-100-roll-of-paper-transfer-tape-for-vinyl-made-in-america-premium-grade-transfer-paper-for-vinyl-with-layflat-adhesive-for-cricut-crafts-decals-and-letters,,6/11/2025 9:23pm
"Supercoup NR1 - Hand Nibbler with Built-In Waste Curl Cutter - 0,6 to 2 mm Cutting Capacity - Straight Nibbling Shears for Flat Metal Sheet - Clean Cuts - 011055 - Soft Grip Handles","The Supercoup NR1 Hand Nibbler offers excellent performance with its integrated chip cutter, delivering clean, burr-free cuts without bending the material. It can cut through stainless steel, zinc, soft sheet, galvanized steel, PVC, vinyl tile, and aluminium with varying capacities. The handle stop ensures safety when the tool is not in use, while the soft grip handles provide a secure and comfortable hold. Made with high-quality components in France, each tool is tested before distribution, ensuring durability and reliability.",https://m.media-amazon.com/images/I/719BXf5-qPL._AC_SX679_.jpg,https://www.amazon.com/EDMA-SUPERCOUP-Nibbler-shears-built/dp/B002T4QDJW?tag=trueessent001-20,supercoup-nr1---hand-nibbler-with-built-in-waste-curl-cutter---06-to-2-mm-cutting-capacity---straight-nibbling-shears-for-flat-metal-sheet---clean-cuts---011055---soft-grip-handles,,6/11/2025 9:23pm
Accurate Precise Water-Resistant Ergonomic Non-Slip Grip Portable Durable Hunting Laser Range Finder with Scan Mode,"This high-performance Halo Optics Z 1000 Hunting Rangefinder is perfect for hunters who venture deep into the woods. It provides ranging capabilities up to 1000 yards to reflective targets, and features Auto Acquisition for near-instantaneous ranging between multiple targets. It offers high accuracy and a clear view, equipped with Angle Intelligence for calculating true horizontal distance at any elevation. The rangefinder is protected by a water-resistant housing with an ergonomic, non-slip grip design. It comes with a CR2 lithium-ion battery, nylon case, lanyard, and lens cloth.",https://m.media-amazon.com/images/I/715VXS+lm6L._AC_SX679_.jpg,https://www.amazon.com/Z1000-Magnification-Accurate-Water-Resistant-Ergonomic/dp/B079ZWLBMH?tag=trueessent001-20,accurate-precise-water-resistant-ergonomic-non-slip-grip-portable-durable-hunting-laser-range-finder-with-scan-mode,,6/11/2025 9:23pm
"OWYN Only What You Need Plant Based Protein Shake, Dark Chocolate, 20g Vegan Protein from Organic Pumpkin seed, Flax, Pea Blend, Omega-3, Prebiotic supplements, Gluten and Soy-Free, (12 Pack)","This tasty protein shake is made from organic pumpkin seed, flax and pea blend, delivering a high-quality vegan protein source. It is infused with Omega-3 and Prebiotic supplements to support your health and digestion. With a rich dark chocolate flavor, it's not just healthy, but also delicious. Plus, it's gluten-free and soy-free, making it suitable for individuals with dietary restrictions.","https://m.media-amazon.com/images/I/81MLPFV6PuL._SX679_PIbundle-12,TopRight,0,0_AA679SH20_.jpg",https://www.amazon.com/OWYN-Only-What-You-Need/dp/B0764GPB51/ref=pd_hp_d_btf_rpt_sd_biaws_c_5?_encoding=UTF8&dd=4Nfxv_Q1DA9kdbCL3NvcS9NGzeC2M1AGI-JCm90QnS4%2C&ddc_refnmnt=free&pd_rd_i=B0764GPB51&pd_rd_w=L2j8X&content-id=amzn1.sym.b8fbc812-bed0-4266-bf60-df0c3c067ef0&pf_rd_p=b8fbc812-bed0-4266-bf60-df0c3c067ef0&pf_rd_r=C4BAQQXBZ0D7F435PQW5&pd_rd_wg=yio6Z&pd_rd_r=f93752d3-5164-4d6f-a467-5110ed3cbd24&th=1&tag=trueessent001-20,owyn-only-what-you-need-plant-based-protein-shake-dark-chocolate-20g-vegan-protein-from-organic-pumpkin-seed-flax-pea-blend-omega-3-prebiotic-supplements-gluten-and-soy-free-12-pack,,6/11/2025 9:23pm
"ATTITUDE 2-in-1 Shampoo and Body Wash for Baby, Fragrance-Free EWG Hypoallergenic Plant- and Mineral-Based Ingredients, Vegan and Cruelty-Free, Unscented, 16 Fl Oz","This unscented 2-in-1 shampoo and body wash is specially formulated with naturally sourced ingredients like blueberry leaf and moringa seeds to limit the adhesion of contaminants to the skin. The product is EWG verified, ensuring it adheres to the highest standards of health and safety. It is also PETA certified, meaning it's vegan and cruelty-free. Additionally, it is ECOLOGO certified, marking it as a sustainable and biodegradable product.",https://m.media-amazon.com/images/I/61O4OtDkcYL._SX466_.jpg,https://www.amazon.com/ATTITUDE-Leaves-Hypoallergenic-Shampoo-Fragrance/dp/B07JVK3FBY/ref=pd_hp_d_btf_rpt_sd_biaws_c_6?_encoding=UTF8&dd=4Nfxv_Q1DA9kdbCL3NvcS9NGzeC2M1AGI-JCm90QnS4%2C&ddc_refnmnt=free&pd_rd_i=B07JVK3FBY&pd_rd_w=L2j8X&content-id=amzn1.sym.b8fbc812-bed0-4266-bf60-df0c3c067ef0&pf_rd_p=b8fbc812-bed0-4266-bf60-df0c3c067ef0&pf_rd_r=C4BAQQXBZ0D7F435PQW5&pd_rd_wg=yio6Z&pd_rd_r=f93752d3-5164-4d6f-a467-5110ed3cbd24&th=1&tag=trueessent001-20,attitude-2-in-1-shampoo-and-body-wash-for-baby-fragrance-free-ewg-hypoallergenic-plant--and-mineral-based-ingredients-vegan-and-cruelty-free-unscented-16-fl-oz,,6/11/2025 9:23pm
"Sea to Summit XL Wilderness Wipes Rinse-Free Body Wipes, 2-Pack (8 Wipes per Pack)","This 2-pack of oversize no-rinse body wipes is ideal for camping, hiking, backpacking, traveling, and fitness. Made from 100 percent viscose fiber, these extra-thick shower wipes effectively remove salt and unpleasant odors from sweat without rinsing. Each wipe is alcohol-free, pH balanced, and contains nurturing aloe vera and vitamin E to soothe and moisturize your skin. Measuring 8 x 12 inches, each wipe is biodegradable and compostable after use.",https://m.media-amazon.com/images/I/81rIcW1d6NL._AC_SX679_.jpg,https://www.amazon.com/Sea-Summit-Wilderness-Rinse-Free-Shower/dp/B0CT1CZJH9/?_encoding=UTF8&pd_rd_w=yAivs&content-id=amzn1.sym.1a448f79-0cba-4b12-8dbc-2b709aad0447&pf_rd_p=1a448f79-0cba-4b12-8dbc-2b709aad0447&pf_rd_r=C4BAQQXBZ0D7F435PQW5&pd_rd_wg=yio6Z&pd_rd_r=f93752d3-5164-4d6f-a467-5110ed3cbd24&ref_=pd_hp_d_btf_cr_cartx&tag=trueessent001-20,sea-to-summit-xl-wilderness-wipes-rinse-free-body-wipes-2-pack-8-wipes-per-pack,,6/11/2025 9:23pm
"Fresh Wave Odor Eliminator Spray & Air Freshener, 8 oz., Pack of 2 - Odor Absorbers for Home, Safer Odor Relief, Natural Plant-Based Odor Eliminator, For Furniture, Fabrics & Trash","Fresh Wave Odor Eliminator Spray is a potent, plant-based odor absorber perfect for fabrics, furniture, and even trash cans. It's designed to eliminate odors rather than mask them with overwhelming fragrances, leaving behind a clean and inviting space. The spray is non-toxic and safe for people, pets, and the planet. It is especially effective on upholstery, curtains, carpets, clothing, shoes, and pet bedding. Despite a new look, it's the same Fresh Wave product customers know and love.","https://m.media-amazon.com/images/I/71zUrgXImCL._AC_SX679_PIbundle-2,TopRight,0,0_SH20_.jpg",https://www.amazon.com/Fresh-Wave-Odor-Removing-Spray/dp/B01M07RTKT/?_encoding=UTF8&pd_rd_w=H5hne&content-id=amzn1.sym.cf2c35a5-3d7a-4fcf-b63c-386ab483dfe5&pf_rd_p=cf2c35a5-3d7a-4fcf-b63c-386ab483dfe5&pf_rd_r=C4BAQQXBZ0D7F435PQW5&pd_rd_wg=yio6Z&pd_rd_r=f93752d3-5164-4d6f-a467-5110ed3cbd24&ref_=pd_hp_d_btf_rpt_alt_3&tag=trueessent001-20,fresh-wave-odor-eliminator-spray--air-freshener-8-oz-pack-of-2---odor-absorbers-for-home-safer-odor-relief-natural-plant-based-odor-eliminator-for-furniture-fabrics--trash,,6/11/2025 9:23pm
"Cold Stone Creamery Ice Cream Seasoning Toppers by FlavorGod - Healthy Dessert Toppers - 0 Calories, 0 Sodium, Kosher, Made in USA - Try with Coffee, Yogurt, Ice Cream & Fruit - Vanilla Waffle Cone","Experience the mouth-watering taste of vanilla waffle cone with Cold Stone Creamery Ice Cream Seasoning Toppers by FlavorGod. These dessert toppers are not just for ice cream, they also work great with coffee, yogurt, and fruit. With 0 calories, 0 sodium, and Kosher certification, they are a healthier choice for an indulgent treat. Proudly made in the USA, these toppers will surely bring excitement to your desserts.",https://m.media-amazon.com/images/I/71Ei1kDpn9L._SX679_.jpg,https://www.amazon.com/Cold-Stone-Creamery-Ice-Cream-Seasoning-Toppers/dp/B0D1Z2R76C/?_encoding=UTF8&pd_rd_w=H5hne&content-id=amzn1.sym.cf2c35a5-3d7a-4fcf-b63c-386ab483dfe5&pf_rd_p=cf2c35a5-3d7a-4fcf-b63c-386ab483dfe5&pf_rd_r=C4BAQQXBZ0D7F435PQW5&pd_rd_wg=yio6Z&pd_rd_r=f93752d3-5164-4d6f-a467-5110ed3cbd24&ref_=pd_hp_d_btf_rpt_alt_3&th=1&tag=trueessent001-20,cold-stone-creamery-ice-cream-seasoning-toppers-by-flavorgod---healthy-dessert-toppers---0-calories-0-sodium-kosher-made-in-usa---try-with-coffee-yogurt-ice-cream--fruit---vanilla-waffle-cone,,6/11/2025 9:23pm
"Amazon Basics Gel Odor Eliminator, Charcoal, 1.06 Pound (Pack of 1)","The Amazon Basics Gel Odor Eliminator is a 17 ounce, fragrance-free solution to odors in your home or workplace. The secret is in the activated charcoal, a natural odor absorber. Its gel format makes it perfect for use in closets, bathrooms, laundry rooms, garages, basements, and lockers. Notably, this product features Alexa voice shopping, making your next reorder as simple as a vocal command.",https://m.media-amazon.com/images/I/71nVGaRq9SL._AC_SX679_.jpg,https://www.amazon.com/Amazon-Basics-Odor-Eliminator-Charcoal/dp/B09B1QT2RP/?_encoding=UTF8&pd_rd_w=H5hne&content-id=amzn1.sym.cf2c35a5-3d7a-4fcf-b63c-386ab483dfe5&pf_rd_p=cf2c35a5-3d7a-4fcf-b63c-386ab483dfe5&pf_rd_r=C4BAQQXBZ0D7F435PQW5&pd_rd_wg=yio6Z&pd_rd_r=f93752d3-5164-4d6f-a467-5110ed3cbd24&ref_=pd_hp_d_btf_rpt_alt_3&th=1&tag=trueessent001-20,amazon-basics-gel-odor-eliminator-charcoal-106-pound-pack-of-1,Automotive,6/11/2025 9:23pm
Kernals Seasoning - Ketchup 125g,"Kernals Seasoning - Ketchup 125g is a versatile kitchen staple that can enhance the flavor of any dish. This ketchup-flavored seasoning is made from high-quality ingredients, providing an authentic ketchup taste. Whether you're grilling, baking, or just preparing a simple snack, add a sprinkle of this seasoning for an extra kick. Packaged in a convenient 125g size, it's a must-have for any kitchen.",https://m.media-amazon.com/images/I/71MwVDhdcJL._SY679_.jpg,https://www.amazon.com/Kernels-Kernals-Seasoning-Ketchup-125g/dp/B00CTWZEAS/?_encoding=UTF8&pd_rd_w=H5hne&content-id=amzn1.sym.cf2c35a5-3d7a-4fcf-b63c-386ab483dfe5&pf_rd_p=cf2c35a5-3d7a-4fcf-b63c-386ab483dfe5&pf_rd_r=C4BAQQXBZ0D7F435PQW5&pd_rd_wg=yio6Z&pd_rd_r=f93752d3-5164-4d6f-a467-5110ed3cbd24&ref_=pd_hp_d_btf_rpt_alt_3&tag=trueessent001-20,kernals-seasoning---ketchup-125g,,6/11/2025 9:23pm
Products4Future® 4 Pack of 200g Naturally Activated Bamboo Charcoal Air Purifying Bags | Natural Home Deodorizer Bags | Charcoal Bags Odor Absorber For Pets | Odor Eliminator Air Freshener,"Products4Future® Bamboo Charcoal Air Purifying Bags are designed to naturally remove odors from any space. Made with activated bamboo charcoal, they are 4 times more effective than regular charcoal. Completely eco-friendly, these bags can be recharged in sunlight every month and each bag can last up to 2 years. After use, the bamboo charcoal can be added to your garden to help plants absorb moisture and nutrients. They are 100% organic, chemical-free, and safe for homes with children and pets.","https://m.media-amazon.com/images/I/91yFVHlFZKL._AC_SX679_PIbundle-4,TopRight,0,0_SH20_.jpg",https://www.amazon.com/Naturally-Activated-Purifying-Deodorizer-Eliminator/dp/B07CGM1GF5/?_encoding=UTF8&pd_rd_w=H5hne&content-id=amzn1.sym.cf2c35a5-3d7a-4fcf-b63c-386ab483dfe5&pf_rd_p=cf2c35a5-3d7a-4fcf-b63c-386ab483dfe5&pf_rd_r=C4BAQQXBZ0D7F435PQW5&pd_rd_wg=yio6Z&pd_rd_r=f93752d3-5164-4d6f-a467-5110ed3cbd24&ref_=pd_hp_d_btf_rpt_alt_3&tag=trueessent001-20,products4future-4-pack-of-200g-naturally-activated-bamboo-charcoal-air-purifying-bags--natural-home-deodorizer-bags--charcoal-bags-odor-absorber-for-pets--odor-eliminator-air-freshener,,6/11/2025 9:23pm
"Newman's Own Lemon Pepper Seasoning; Great Zesty Flavor; Perfect Spices for Cooking Wings; No MSG, Gluten Free; Kosher; 8.68 Oz. Bottle","Newman's Own Lemon Pepper Seasoning is a versatile spice blend that adds a zesty kick to your meals. This 8.68 Oz. bottle is perfect for cooking wings, but also works wonders with other meats and vegetables. It's free from MSG and gluten, making it suitable for those with specific dietary needs. In addition, it's Kosher certified. Bring your dishes to life with Newman's Own Lemon Pepper Seasoning.",https://m.media-amazon.com/images/I/81MXrholt4L._SX679_.jpg,https://www.amazon.com/Newmans-Own-Pepper-Seasoning-Bottle/dp/B09P8WXQ6P/?_encoding=UTF8&pd_rd_w=H5hne&content-id=amzn1.sym.cf2c35a5-3d7a-4fcf-b63c-386ab483dfe5&pf_rd_p=cf2c35a5-3d7a-4fcf-b63c-386ab483dfe5&pf_rd_r=C4BAQQXBZ0D7F435PQW5&pd_rd_wg=yio6Z&pd_rd_r=f93752d3-5164-4d6f-a467-5110ed3cbd24&ref_=pd_hp_d_btf_rpt_alt_3&th=1&tag=trueessent001-20,newmans-own-lemon-pepper-seasoning-great-zesty-flavor-perfect-spices-for-cooking-wings-no-msg-gluten-free-kosher-868-oz-bottle,,6/11/2025 9:23pm
"Breville Barista Pro Espresso Machine BES878BSS, Brushed Stainless Steel","The Breville Barista Pro Espresso Machine offers an integrated grinder with dose control, ensuring the right amount of coffee for maximum flavor. It features an optimal water pressure system that ensures all flavors are drawn out evenly. The machine heats up rapidly thanks to its innovative ThermoJet heating system and provides precise espresso extraction with digital temperature control. It also offers manual microfoam milk texturing for latte art creation at home.",https://m.media-amazon.com/images/I/71FBZj9tisL._AC_SX679_.jpg,https://www.amazon.com/Breville-Barista-Pro-Automatic-Integrated/dp/B08133HX34?ref=dlx_deals_dg_dcl_B08133HX34_dt_sl14_e4&pf_rd_r=1YHMRMYJM4XKJ9QACBB3&pf_rd_p=2f037376-31c8-483a-be2c-8a33412824e4&th=1&tag=trueessent001-20,breville-barista-pro-espresso-machine-bes878bss-brushed-stainless-steel,,6/11/2025 9:23pm
"COSORI Air Fryer 9-in-1, Compact & Large 6-Qt, Fast Turbo Modes, 90–450°F Precise Heat for Even Results, Up to 95% Less Oil*, Roast, Bake, Dry, Reheat, Frozen, Broil, Proof, 120V, TurboBlaze, Grey","The COSORI Air Fryer 9-in-1 is a game-changer in your kitchen, delivering beyond-crispy, juicy perfection with its powerful 3600 rpm fan speed and temperatures up to 450℉. Its advanced airflow and precise temperature control ensure evenly cooked dishes with perfect texture. The unique 5-fan speed system and 90°–450°F temperature control offer professional-grade versatility. Its 6-quart square basket provides ample capacity for family meals while saving kitchen counter and storage space. What's more, it operates quietly, creating a more comfortable kitchen environment.",https://m.media-amazon.com/images/I/71RzDiZoAxL._AC_SX679_.jpg,https://www.amazon.com/COSORI-Compact-Recipes-Dehydrate-Dishwasher/dp/B0C33CHG99?ref=dlx_deals_dg_dcl_B0C33CHG99_dt_sl14_e4&pf_rd_r=1YHMRMYJM4XKJ9QACBB3&pf_rd_p=2f037376-31c8-483a-be2c-8a33412824e4&th=1&tag=trueessent001-20,cosori-air-fryer-9-in-1-compact--large-6-qt-fast-turbo-modes-90450f-precise-heat-for-even-results-up-to-95-less-oil-roast-bake-dry-reheat-frozen-broil-proof-120v-turboblaze-grey,,6/11/2025 9:23pm
"iHealth Track Smart Upper Arm Blood Pressure Monitor with Wide Range Cuff That fits Standard to Large Adult Arms, Bluetooth Compatible for iOS & Android Devices","Featuring a large multi-color backlit display, the iHealth Track Smart Upper Arm Blood Pressure Monitor is designed to make readings easy to understand. It allows you to manage and track up to 99 readings on the monitor and unlimited readings on your smartphone, thanks to the free iHealth app. It also automatically identifies and alerts you to heart rhythm disturbances, ensuring that you're always up-to-date with your heart health. The unit comes with a wide range cuff to fit standard to large adult arms and requires no calibration.",https://m.media-amazon.com/images/I/71c05T2jWmL._AC_SX679_.jpg,https://www.amazon.com/iHealth-Wireless-Bluetooth-Compatible-Automatic/dp/B01C5QS1T8?ref=dlx_deals_dg_dcl_B01C5QS1T8_dt_sl14_e4&pf_rd_r=1YHMRMYJM4XKJ9QACBB3&pf_rd_p=2f037376-31c8-483a-be2c-8a33412824e4&tag=trueessent001-20,ihealth-track-smart-upper-arm-blood-pressure-monitor-with-wide-range-cuff-that-fits-standard-to-large-adult-arms-bluetooth-compatible-for-ios--android-devices,,6/11/2025 9:23pm
Pelican PL7610 BRK Tactical Flashlight,"Light up the darkness with the Pelican PL7610 BRK Tactical Flashlight! Never be caught unprepared in low-light situations again. This rugged, reliable flashlight is a must-have for adventurers, campers, and everyday heroes. With its powerful beam and durable construction, you'll feel confident and secure wherever you go. Don't wait until it's too late – illuminate your path to safety now. Join countless satisfied customers who trust Pelican for their lighting needs. Get yours today and shine bright! Check it out on Amazon!",https://m.media-amazon.com/images/I/51yHF3YpHkL._AC_SX679_.jpg,https://www.amazon.com/dp/B07CN3SRGT?tag=trueessent001-20,pelican-pl7610-brk-tactical-flashlight,,6/11/2025 9:38pm
ProCell Long Lasting Batteries Consistent...,"Tired of constantly replacing batteries? ProCell Long Lasting Batteries are here to save the day! Say goodbye to interruptions and hello to consistent power for your devices. Enjoy the convenience of uninterrupted playtime with your kids' toys or never missing a beat on your favorite gadgets. Trust ProCell to keep your devices running smoothly, so you can focus on what matters most. Don't wait for another battery drain – make the switch today! Check it out on Amazon for long-lasting power you can rely on!",https://m.media-amazon.com/images/I/81WSktLhd8L._AC_SX466_.jpg,https://www.amazon.com/dp/B00BGIVI1K?tag=trueessent001-20,procell-long-lasting-batteries-consistent,,6/11/2025 9:38pm
Seal Fresh Shrink Wrap Bags,"Tired of freezer burn ruining your food? Say hello to Seal Fresh Shrink Wrap Bags! Keep your produce fresh, meats juicy, and leftovers tasty with these airtight wonders. No more wasted groceries or soggy sandwiches. Imagine the convenience of perfectly preserved meals ready at your fingertips. Your kitchen game will never be the same! Don't let another meal go to waste—seal the deal with Seal Fresh. Check it out on Amazon and savor the freshness!",https://m.media-amazon.com/images/I/71DNE1nSnxL._SX522_.jpg,https://www.amazon.com/dp/B0CPXVBSWP?tag=trueessent001-20,seal-fresh-shrink-wrap-bags,,6/11/2025 9:39pm
"Bug Zapper Outdoor Indoor, Electric Fly Zapper with 2W...","Keep your space pest-free with this effective bug zapper. Features powerful UV light attraction and electric grid to eliminate flies, mosquitoes, and other flying insects. Perfect for both indoor and outdoor use, providing chemical-free pest control for your home, patio, or garden. Easy to clean and maintain. Say goodbye to annoying bugs and enjoy a more comfortable environment!",https://m.media-amazon.com/images/I/81kJ0ZquKLL._AC_SL1000_.jpg,https://www.amazon.com/dp/B0DSC198T5?tag=trueessent001-20,bug-zapper-outdoor-indoor-electric-fly-zapper-with-2w,,6/11/2025 10:42pm
"50ml Dispenser Gun Kit, Epoxy Glue Gun, Impression Mixing...",Experience the quality and reliability of this premium kit. Carefully designed with attention to detail and built to meet high standards. Popular among customers for its excellent value and dependable performance. Perfect for those seeking a trustworthy solution that delivers on its promises. See why customers recommend this choice!,https://m.media-amazon.com/images/I/519oHcvOy1L._SL1500_.jpg,https://www.amazon.com/dp/B0B6TNRPB1?tag=trueessent001-20,50ml-dispenser-gun-kit-epoxy-glue-gun-impression-mixing,,6/11/2025 10:49pm
Underwater Camera 2.7K 56MP Waterproof Camera Autofocus...,"Protect what matters most with this advanced security solution. Features cutting-edge technology for reliable monitoring and peace of mind. Easy to set up and integrate with existing systems. Whether for home or business use, this device provides the security features you need to stay protected.",https://m.media-amazon.com/images/I/81wnwh1L%2BDL._AC_SL1000_.jpg,https://www.amazon.com/dp/B0DZCVXXQ9?tag=trueessent001-20,underwater-camera-27k-56mp-waterproof-camera-autofocus,,6/23/2025 8:58pm
4K Underwater Camera 56MP Autofocus 11FT Waterproof...,"Protect what matters most with this advanced security solution. Features cutting-edge technology for reliable monitoring and peace of mind. Easy to set up and integrate with existing systems. Whether for home or business use, this device provides the security features you need to stay protected.",https://m.media-amazon.com/images/I/71mwytk9K%2BL._AC_SL1000_.jpg,https://www.amazon.com/dp/B0DN68BBK4?tag=trueessent001-20,4k-underwater-camera-56mp-autofocus-11ft-waterproof,,6/23/2025 8:59pm
Underwater Floating Digital Camera – 48MP HD Bare-Body...,"Protect what matters most with this advanced security solution. Features cutting-edge technology for reliable monitoring and peace of mind. Easy to set up and integrate with existing systems. Whether for home or business use, this device provides the security features you need to stay protected.",https://m.media-amazon.com/images/I/71JUGY-QUSL._AC_SL1000_.jpg,https://www.amazon.com/dp/B0F1TM74X7?tag=trueessent001-20,underwater-floating-digital-camera--48mp-hd-bare-body,,6/23/2025 9:00pm
Pelican 1920B LED Flashlight (Black),"Upgrade your lighting with this energy-efficient LED solution. Provides bright, consistent illumination while reducing energy costs. Easy to install and built to last, offering reliable performance for years. Perfect for enhancing ambiance, improving visibility, or replacing outdated lighting fixtures.",https://m.media-amazon.com/images/I/41%2BJ2EQ0PWL._AC_SL1000_.jpg,https://www.amazon.com/dp/B07DXDMHCW?tag=trueessent001-20,pelican-1920b-led-flashlight-black,,6/24/2025 10:33am
"Fluke 88V Deluxe Automotive Multimeter, Troubleshoot...",Experience the quality and reliability of this premium troubleshoot. Carefully designed with attention to detail and built to meet high standards. Popular among customers for its excellent value and dependable performance. Perfect for those seeking a trustworthy solution that delivers on its promises. See why customers recommend this choice!,https://m.media-amazon.com/images/I/61gfccU3v-L._SL1500_.jpg,https://www.amazon.com/dp/B000WTB67K?tag=trueessent001-20,fluke-88v-deluxe-automotive-multimeter-troubleshoot,Automotive,6/24/2025 10:36am
"Texas Instruments TI-30XIIS Scientific Calculator, Black...",Experience the quality and reliability of this premium black. Carefully designed with attention to detail and built to meet high standards. Popular among customers for its excellent value and dependable performance. Perfect for those seeking a trustworthy solution that delivers on its promises. See why customers recommend this choice!,https://m.media-amazon.com/images/I/5198%2BfcBR%2BL._AC_SL1000_.jpg,https://www.amazon.com/dp/B00000JBNX?tag=trueessent001-20,texas-instruments-ti-30xiis-scientific-calculator-black,,6/24/2025 10:37am
"Pop Up Pod - Privacy Shower Tent, Dressing Room, or...","Experience the quality and reliability of this premium room,. Carefully designed with attention to detail and built to meet high standards. Popular among customers for its excellent value and dependable performance. Perfect for those seeking a trustworthy solution that delivers on its promises. See why customers recommend this choice!",https://m.media-amazon.com/images/I/618PnCnEbIL._AC_SL1000_.jpg,https://www.amazon.com/dp/B07WWYQS7B?tag=trueessent001-20,pop-up-pod---privacy-shower-tent-dressing-room-or,,6/24/2025 10:52am
Dremel EZ725 70-Piece All-Purpose Rotary Tool Accessory...,Experience the quality and reliability of this premium tool. Carefully designed with attention to detail and built to meet high standards. Popular among customers for its excellent value and dependable performance. Perfect for those seeking a trustworthy solution that delivers on its promises. See why customers recommend this choice!,https://m.media-amazon.com/images/I/71HCULgbzML._AC_SL1000_.jpg,https://www.amazon.com/dp/B00TODY7YO?tag=trueessent001-20,dremel-ez725-70-piece-all-purpose-rotary-tool-accessory,,6/30/2025 12:54pm
MILAPEAK 10pcs (5 Sets) 6 Positions Dual Row 600V 25A...,Experience the quality and reliability of this premium set. Carefully designed with attention to detail and built to meet high standards. Popular among customers for its excellent value and dependable performance. Perfect for those seeking a trustworthy solution that delivers on its promises. See why customers recommend this choice!,https://m.media-amazon.com/images/I/71KdpiufzBL._AC_SL1000_.jpg,https://www.amazon.com/dp/B07CLY5N9T?tag=trueessent001-20,milapeak-10pcs-5-sets-6-positions-dual-row-600v-25a,Automotive,6/30/2025 12:55pm
"Gorilla Tape, Mini Duct Tape To-Go, 1&#34; x 10 yd Travel...",Experience the quality and reliability of this premium travel. Carefully designed with attention to detail and built to meet high standards. Popular among customers for its excellent value and dependable performance. Perfect for those seeking a trustworthy solution that delivers on its promises. See why customers recommend this choice!,https://via.placeholder.com/400x400/f8fafc/475569?text=Amazon%2BProduct,https://www.amazon.com/dp/B01M9GPLMR?tag=trueessent001-20,gorilla-tape-mini-duct-tape-to-go-134-x-10-yd-travel,Automotive,7/1/2025 11:27am
XFasten Silicone Fusing 1 Inch 36 Foot,Experience the quality and reliability of this premium foot. Carefully designed with attention to detail and built to meet high standards. Popular among customers for its excellent value and dependable performance. Perfect for those seeking a trustworthy solution that delivers on its promises. See why customers recommend this choice!,https://via.placeholder.com/400x400/f8fafc/475569?text=Amazon%2BProduct,https://www.amazon.com/dp/B01N7KC62D?tag=trueessent001-20,xfasten-silicone-fusing-1-inch-36-foot,Automotive,7/1/2025 3:08pm
Rescue Self Fusing Silicone Rubber Repair,Experience the quality and reliability of this premium repair. Carefully designed with attention to detail and built to meet high standards. Popular among customers for its excellent value and dependable performance. Perfect for those seeking a trustworthy solution that delivers on its promises. See why customers recommend this choice!,https://via.placeholder.com/400x400/f8fafc/475569?text=Amazon%2BProduct,https://www.amazon.com/dp/B08HWLRWL2?tag=trueessent001-20,rescue-self-fusing-silicone-rubber-repair,,7/1/2025 3:09pm
"Two Way Radios for Adults, Topsung M880 FRS Walkie Talkie...",Experience the quality and reliability of this premium talkie. Carefully designed with attention to detail and built to meet high standards. Popular among customers for its excellent value and dependable performance. Perfect for those seeking a trustworthy solution that delivers on its promises. See why customers recommend this choice!,https://m.media-amazon.com/images/I/61bIzD0ET7L._AC_SL1000_.jpg,https://www.amazon.com/dp/B07BGT9MSJ?tag=trueessent001-20,two-way-radios-for-adults-topsung-m880-frs-walkie-talkie,Automotive,7/8/2025 2:33pm
"Two Way Radios for Adults, Topsung M880 FRS Walkie Talkie...",Experience the quality and reliability of this premium talkie. Carefully designed with attention to detail and built to meet high standards. Popular among customers for its excellent value and dependable performance. Perfect for those seeking a trustworthy solution that delivers on its promises. See why customers recommend this choice!,https://m.media-amazon.com/images/I/61bIzD0ET7L._AC_SL1000_.jpg,https://www.amazon.com/dp/B07BGT9MSJ?tag=trueessent001-20,two-way-radios-for-adults-topsung-m880-frs-walkie-talkie,Automotive,7/8/2025 2:33pm
Rochester Carmalt Hemostatic Forceps with Cross Serrated...,Experience the quality and reliability of this premium serrated. Carefully designed with attention to detail and built to meet high standards. Popular among customers for its excellent value and dependable performance. Perfect for those seeking a trustworthy solution that delivers on its promises. See why customers recommend this choice!,https://m.media-amazon.com/images/I/51Z9Fyjzt1L._SL1500_.jpg,https://www.amazon.com/dp/B082CXDVJW?tag=trueessent001-20,rochester-carmalt-hemostatic-forceps-with-cross-serrated,Automotive,7/9/2025 11:44am
Shaper Trace Drawing Conversion Tool - Vector &amp; SVG...,Experience the quality and reliability of this premium tool. Carefully designed with attention to detail and built to meet high standards. Popular among customers for its excellent value and dependable performance. Perfect for those seeking a trustworthy solution that delivers on its promises. See why customers recommend this choice!,https://m.media-amazon.com/images/I/61IMnhkJXyL._SL1500_.jpg,https://www.amazon.com/dp/B0DDLDTGD8?tag=trueessent001-20,shaper-trace-drawing-conversion-tool---vector-amp-svg,,7/9/2025 1:04pm
SKB 3I 1209 4B Military Standard Waterproof,Experience the quality and reliability of this premium stand. Carefully designed with attention to detail and built to meet high standards. Popular among customers for its excellent value and dependable performance. Perfect for those seeking a trustworthy solution that delivers on its promises. See why customers recommend this choice!,https://via.placeholder.com/400x400/f8fafc/475569?text=Amazon%2BProduct,https://www.amazon.com/dp/B0014VX0LA?tag=trueessent001-20,skb-3i-1209-4b-military-standard-waterproof,,7/10/2025 1:53pm
Quality Product,Experience the quality and reliability of this premium product. Carefully designed with attention to detail and built to meet high standards. Popular among customers for its excellent value and dependable performance. Perfect for those seeking a trustworthy solution that delivers on its promises. See why customers recommend this choice!,https://via.placeholder.com/400x400/f8fafc/475569?text=Amazon%2BProduct,https://www.amazon.com/dp/B007TX8TU4?tag=trueessent001-20,quality-product,Automotive,7/10/2025 1:57pm
"6 cue Remote Stage Lighting Effects, Fountain Effects...","Upgrade your lighting with this energy-efficient LED solution. Provides bright, consistent illumination while reducing energy costs. Easy to install and built to last, offering reliable performance for years. Perfect for enhancing ambiance, improving visibility, or replacing outdated lighting fixtures.",https://via.placeholder.com/400x400/f8fafc/475569?text=Amazon%2BProduct,https://www.amazon.com/dp/B0CS9G8BG1?tag=trueessent001-20,6-cue-remote-stage-lighting-effects-fountain-effects,,7/11/2025 10:11am
Quality Product,Experience the quality and reliability of this premium product. Carefully designed with attention to detail and built to meet high standards. Popular among customers for its excellent value and dependable performance. Perfect for those seeking a trustworthy solution that delivers on its promises. See why customers recommend this choice!,https://via.placeholder.com/400x400/f8fafc/475569?text=Amazon%2BProduct,https://www.amazon.com/dp/B0BBMPXHSX?tag=trueessent001-20,quality-product,Automotive,7/11/2025 10:13am
Quality Product,Experience the quality and reliability of this premium product. Carefully designed with attention to detail and built to meet high standards. Popular among customers for its excellent value and dependable performance. Perfect for those seeking a trustworthy solution that delivers on its promises. See why customers recommend this choice!,https://via.placeholder.com/400x400/f8fafc/475569?text=Amazon%2BProduct,https://www.amazon.com/dp/B09JMPJK3Q?tag=trueessent001-20,quality-product,Automotive,7/11/2025 10:13am
Quality Product,Experience the quality and reliability of this premium product. Carefully designed with attention to detail and built to meet high standards. Popular among customers for its excellent value and dependable performance. Perfect for those seeking a trustworthy solution that delivers on its promises. See why customers recommend this choice!,https://via.placeholder.com/400x400/f8fafc/475569?text=Amazon%2BProduct,https://www.amazon.com/dp/B0BF4GFNV3?tag=trueessent001-20,quality-product,Automotive,7/11/2025 10:16am
"Utoolmart Wire Tube Brushes, Stainless Steel Bottle...",Experience the quality and reliability of this premium tool. Carefully designed with attention to detail and built to meet high standards. Popular among customers for its excellent value and dependable performance. Perfect for those seeking a trustworthy solution that delivers on its promises. See why customers recommend this choice!,https://m.media-amazon.com/images/I/71F8pMfYYtL._AC_SL1000_.jpg,https://www.amazon.com/dp/B07X651F6Z?tag=trueessent001-20,utoolmart-wire-tube-brushes-stainless-steel-bottle,,7/14/2025 8:19am
"Fluke 87V Industrial Digital Multimeter, For Advanced...",Experience the quality and reliability of this premium advanced. Carefully designed with attention to detail and built to meet high standards. Popular among customers for its excellent value and dependable performance. Perfect for those seeking a trustworthy solution that delivers on its promises. See why customers recommend this choice!,https://m.media-amazon.com/images/I/61EeHlvZQPL._SL1500_.jpg,https://www.amazon.com/dp/B0002YFD1K?tag=trueessent001-20,fluke-87v-industrial-digital-multimeter-for-advanced,,7/14/2025 10:00am
"ELEGOO Rapid PETG Filament 1.75mm Black 1KG, High Speed...","Tired of 3D prints that warp or shrink? ELEGOO's Rapid PETG Filament is the solution you've been looking for! With superior light transmittance, this filament is perfect for projects requiring light diffusion. Say goodbye to failed prints and hello to flawless creations. Whether you're a hobbyist or a professional, this filament ensures smooth printing, making your projects stand out. Choose ELEGOO for reliability and quality. Elevate your 3D printing experience with Rapid PETG Filament. Upgrade to ELEGOO today and see the difference for yourself!",https://m.media-amazon.com/images/I/81xS%2BGf0NrL._AC_SL1000_.jpg,https://www.amazon.com/dp/B0CPF7FDTG?tag=trueessent001-20,elegoo-rapid-petg-filament-175mm-black-1kg-high-speed,Automotive,7/15/2025 9:52am
"SUNLU High Speed PETG 3D Filament 1.75mm, 30mm/s -...",Experience the quality and reliability of this premium 30mm/s. Carefully designed with attention to detail and built to meet high standards. Popular among customers for its excellent value and dependable performance. Perfect for those seeking a trustworthy solution that delivers on its promises. See why customers recommend this choice!,https://m.media-amazon.com/images/I/71aHd86EXxL._AC_SL1000_.jpg,https://www.amazon.com/dp/B0D9NFF2T8?tag=trueessent001-20,sunlu-high-speed-petg-3d-filament-175mm-30mms--,Automotive,7/15/2025 9:52am
CondorT &amp; T Pouch,Experience the quality and reliability of this premium pouch. Carefully designed with attention to detail and built to meet high standards. Popular among customers for its excellent value and dependable performance. Perfect for those seeking a trustworthy solution that delivers on its promises. See why customers recommend this choice!,https://m.media-amazon.com/images/I/712Ll7xOEXL._AC_SL1000_.jpg,https://www.amazon.com/dp/B01MY2H7QQ?tag=trueessent001-20,condort-amp-t-pouch,Automotive,7/15/2025 11:08am
CondorT &amp; T Pouch,Experience the quality and reliability of this premium pouch. Carefully designed with attention to detail and built to meet high standards. Popular among customers for its excellent value and dependable performance. Perfect for those seeking a trustworthy solution that delivers on its promises. See why customers recommend this choice!,https://m.media-amazon.com/images/I/712Ll7xOEXL._AC_SL1000_.jpg,https://www.amazon.com/dp/B01MY2H7QQ?tag=trueessent001-20,condort-amp-t-pouch,Automotive,7/15/2025 11:08am
20Pcs AC 5A/125V 3A/250V Long Straight Hinge Lever Arm...,Experience the quality and reliability of this premium arm. Carefully designed with attention to detail and built to meet high standards. Popular among customers for its excellent value and dependable performance. Perfect for those seeking a trustworthy solution that delivers on its promises. See why customers recommend this choice!,https://m.media-amazon.com/images/I/61NDLrcNqqL._AC_SL1000_.jpg,https://www.amazon.com/dp/B07N819HR6?tag=trueessent001-20,20pcs-ac-5a125v-3a250v-long-straight-hinge-lever-arm,Automotive,7/21/2025 12:31pm
20Pcs AC 5A/125V 3A/250V Long Straight Hinge Lever Arm...,Experience the quality and reliability of this premium arm. Carefully designed with attention to detail and built to meet high standards. Popular among customers for its excellent value and dependable performance. Perfect for those seeking a trustworthy solution that delivers on its promises. See why customers recommend this choice!,https://m.media-amazon.com/images/I/61NDLrcNqqL._AC_SL1000_.jpg,https://www.amazon.com/dp/B07N819HR6?tag=trueessent001-20,20pcs-ac-5a125v-3a250v-long-straight-hinge-lever-arm,Automotive,7/21/2025 12:31pm
JQC3F T73 DC 12V Coil 5 Pins Mini SPST Power Relay PCB...,Experience the quality and reliability of this premium pcb. Carefully designed with attention to detail and built to meet high standards. Popular among customers for its excellent value and dependable performance. Perfect for those seeking a trustworthy solution that delivers on its promises. See why customers recommend this choice!,https://m.media-amazon.com/images/I/71HxKDMo2VL._SL1200_.jpg,https://www.amazon.com/dp/B08DN5NGHR?tag=trueessent001-20,jqc3f-t73-dc-12v-coil-5-pins-mini-spst-power-relay-pcb,Automotive,7/21/2025 12:33pm
4 Pack 4.5&#39;&#39; Diagonal Wire Cutting Pliers Nippers...,Experience the quality and reliability of this premium nippers. Carefully designed with attention to detail and built to meet high standards. Popular among customers for its excellent value and dependable performance. Perfect for those seeking a trustworthy solution that delivers on its promises. See why customers recommend this choice!,https://m.media-amazon.com/images/I/61s5toiF3cL._AC_SL1000_.jpg,https://www.amazon.com/dp/B09GFSN1CX?tag=trueessent001-20,4-pack-453939-diagonal-wire-cutting-pliers-nippers,Automotive,7/22/2025 12:10pm
DieseRC DC 12V 24V 30V Secure Remote Control Switch...,Experience the quality and reliability of this premium switch. Carefully designed with attention to detail and built to meet high standards. Popular among customers for its excellent value and dependable performance. Perfect for those seeking a trustworthy solution that delivers on its promises. See why customers recommend this choice!,https://m.media-amazon.com/images/I/61C7MyTKcRL._AC_SL1000_.jpg,https://www.amazon.com/dp/B098LHS5RN?tag=trueessent001-20,dieserc-dc-12v-24v-30v-secure-remote-control-switch,Automotive,7/22/2025 12:36pm
Nitecore MH27UV 1000 Lumens USB Rechargeable LED...,"Upgrade your lighting with this energy-efficient LED solution. Provides bright, consistent illumination while reducing energy costs. Easy to install and built to last, offering reliable performance for years. Perfect for enhancing ambiance, improving visibility, or replacing outdated lighting fixtures.",https://m.media-amazon.com/images/I/61WYY2wNZ5L._AC_SL1000_.jpg,https://www.amazon.com/dp/B01FSYN02W?tag=trueessent001-20,nitecore-mh27uv-1000-lumens-usb-rechargeable-led,,7/22/2025 12:56pm
"WindyNation 100 Feet (31 Meters) 1/8 inch, 1/8&#34; I.D....",Experience the quality and reliability of this premium i.d.. Carefully designed with attention to detail and built to meet high standards. Popular among customers for its excellent value and dependable performance. Perfect for those seeking a trustworthy solution that delivers on its promises. See why customers recommend this choice!,https://m.media-amazon.com/images/I/71UnZjsh5hL._AC_SL1000_.jpg,https://www.amazon.com/dp/B01MSESFRK?tag=trueessent001-20,windynation-100-feet-31-meters-18-inch-1834-id,Automotive,7/23/2025 9:20am
Garrett Pro-Pointer II Metal Detector Pinpointer – 360°...,Experience the quality and reliability of this premium 360°. Carefully designed with attention to detail and built to meet high standards. Popular among customers for its excellent value and dependable performance. Perfect for those seeking a trustworthy solution that delivers on its promises. See why customers recommend this choice!,https://m.media-amazon.com/images/I/61OttgKMLsL._AC_SL1000_.jpg,https://www.amazon.com/dp/B015HOY72A?tag=trueessent001-20,garrett-pro-pointer-ii-metal-detector-pinpointer--360,Automotive,7/23/2025 9:23am
Dremel VersaTip Precision Butane Torch - Long Lasting...,Experience the quality and reliability of this premium lasting. Carefully designed with attention to detail and built to meet high standards. Popular among customers for its excellent value and dependable performance. Perfect for those seeking a trustworthy solution that delivers on its promises. See why customers recommend this choice!,https://m.media-amazon.com/images/I/41GPE29cXCL._AC_SL1000_.jpg,https://www.amazon.com/dp/B0F2WS7GRL?tag=trueessent001-20,dremel-versatip-precision-butane-torch---long-lasting,,7/23/2025 9:37am
Radioddity FS-T1 FRS Two-Way Radio Long Range...,Experience the quality and reliability of this premium range. Carefully designed with attention to detail and built to meet high standards. Popular among customers for its excellent value and dependable performance. Perfect for those seeking a trustworthy solution that delivers on its promises. See why customers recommend this choice!,https://m.media-amazon.com/images/I/71fiNakLCOL._AC_SL1000_.jpg,https://www.amazon.com/dp/B07T5DSJGQ?tag=trueessent001-20,radioddity-fs-t1-frs-two-way-radio-long-range,Automotive,7/23/2025 10:09am
30PCS Blue 2 Pin 5mm Pitch Mounting Screw Terminal Block...,Experience the quality and reliability of this premium mount. Carefully designed with attention to detail and built to meet high standards. Popular among customers for its excellent value and dependable performance. Perfect for those seeking a trustworthy solution that delivers on its promises. See why customers recommend this choice!,https://m.media-amazon.com/images/I/61OIyEh51UL._SL1000_.jpg,https://www.amazon.com/dp/B0DT3ZGLHC?tag=trueessent001-20,30pcs-blue-2-pin-5mm-pitch-mounting-screw-terminal-block,,7/23/2025 10:10am
30PCS Blue 2 Pin 5mm Pitch Mounting Screw Terminal Block...,Experience the quality and reliability of this premium mount. Carefully designed with attention to detail and built to meet high standards. Popular among customers for its excellent value and dependable performance. Perfect for those seeking a trustworthy solution that delivers on its promises. See why customers recommend this choice!,https://m.media-amazon.com/images/I/61OIyEh51UL._SL1000_.jpg,https://www.amazon.com/dp/B0DT3ZGLHC?tag=trueessent001-20,30pcs-blue-2-pin-5mm-pitch-mounting-screw-terminal-block,,7/23/2025 10:10am
ElectroCookie Prototype PCB Solderable Breadboard for...,Experience the quality and reliability of this premium for. Carefully designed with attention to detail and built to meet high standards. Popular among customers for its excellent value and dependable performance. Perfect for those seeking a trustworthy solution that delivers on its promises. See why customers recommend this choice!,https://m.media-amazon.com/images/I/91ntXYpclTL._AC_SL1000_.jpg,https://www.amazon.com/dp/B07ZYNWJ1S?tag=trueessent001-20,electrocookie-prototype-pcb-solderable-breadboard-for,,7/23/2025 10:13am
breadboard Set Prototype Board - 6 PCS 400 Pin Solderless...,Experience the quality and reliability of this premium set. Carefully designed with attention to detail and built to meet high standards. Popular among customers for its excellent value and dependable performance. Perfect for those seeking a trustworthy solution that delivers on its promises. See why customers recommend this choice!,https://m.media-amazon.com/images/I/814u53Hai7L._AC_SL1000_.jpg,https://www.amazon.com/dp/B07LFD4LT6?tag=trueessent001-20,breadboard-set-prototype-board---6-pcs-400-pin-solderless,Automotive,7/23/2025 10:15am
"NEBO Inspector 500+ Flex Pen Light | 500 Lumens, 8 Light...","Upgrade your lighting with this energy-efficient LED solution. Provides bright, consistent illumination while reducing energy costs. Easy to install and built to last, offering reliable performance for years. Perfect for enhancing ambiance, improving visibility, or replacing outdated lighting fixtures.",https://m.media-amazon.com/images/I/610oAygF39L._AC_SL1000_.jpg,https://www.amazon.com/dp/B09F6ZTD99?tag=trueessent001-20,nebo-inspector-500-flex-pen-light--500-lumens-8-light,,7/24/2025 1:03pm
Plate Holder Easel Display Stand - 8 inch Metal Plate...,Experience the quality and reliability of this premium holder. Carefully designed with attention to detail and built to meet high standards. Popular among customers for its excellent value and dependable performance. Perfect for those seeking a trustworthy solution that delivers on its promises. See why customers recommend this choice!,https://m.media-amazon.com/images/I/51eO2Bv5dlL._AC_SL1000_.jpg,https://www.amazon.com/dp/B0BNKY3JR3?tag=trueessent001-20,plate-holder-easel-display-stand---8-inch-metal-plate,,7/25/2025 9:50am
"Nitecore MT2A Pro EDC Flashlight, 1000 Lumen, USB-C...","Upgrade your lighting with this energy-efficient LED solution. Provides bright, consistent illumination while reducing energy costs. Easy to install and built to last, offering reliable performance for years. Perfect for enhancing ambiance, improving visibility, or replacing outdated lighting fixtures.",https://m.media-amazon.com/images/I/71zIushyWVL._AC_SL1000_.jpg,https://www.amazon.com/dp/B0CM4LM1K9?tag=trueessent001-20,nitecore-mt2a-pro-edc-flashlight-1000-lumen-usb-c,,7/25/2025 1:06pm
Toolazy Inline 0 100 Variable Controller,Experience the quality and reliability of this premium tool. Carefully designed with attention to detail and built to meet high standards. Popular among customers for its excellent value and dependable performance. Perfect for those seeking a trustworthy solution that delivers on its promises. See why customers recommend this choice!,https://via.placeholder.com/400x400/f8fafc/475569?text=Kitchen%2BTools,https://www.amazon.com/dp/B0B2L86J1Q?tag=trueessent001-20,toolazy-inline-0-100-variable-controller,,7/29/2025 8:58am
"SureFire EP3 Sonic Defenders Filtered Earplugs, Double...",Experience the quality and reliability of this premium double. Carefully designed with attention to detail and built to meet high standards. Popular among customers for its excellent value and dependable performance. Perfect for those seeking a trustworthy solution that delivers on its promises. See why customers recommend this choice!,https://m.media-amazon.com/images/I/51sp03adEeL._AC_SL1000_.jpg,https://www.amazon.com/dp/B004DH7HIO?tag=trueessent001-20,surefire-ep3-sonic-defenders-filtered-earplugs-double,Automotive,7/31/2025 10:28am
Quality Product,"Tired of dealing with [specific problem]? Our Quality Product is here to save the day! Say goodbye to [problem] and hello to convenience. Whether you're [typical use], [benefit]. With our product, you can finally [desirable outcome]. 

Unlike other options, our Quality Product is designed to [unique selling point]. Don't settle for less when you can have the best. Join countless satisfied customers who have improved their [aspect of life] with our product. 

Ready to upgrade your [specific area]? Click ""Add to Cart"" now and experience the difference yourself!",https://via.placeholder.com/400x400/f8fafc/475569?text=Amazon%2BProduct,https://www.amazon.com/dp/B079HYPCZD?tag=trueessent001-20,quality-product,Automotive,8/1/2025 12:10pm
SUPERNIGHT 16 4ft Waterproof Changing Lights,"Upgrade your lighting with this energy-efficient LED solution. Provides bright, consistent illumination while reducing energy costs. Easy to install and built to last, offering reliable performance for years. Perfect for enhancing ambiance, improving visibility, or replacing outdated lighting fixtures.",https://m.media-amazon.com/images/I/71-fZo1u9eL._AC_SL1000_.jpg,https://www.amazon.com/dp/B076VG955L?tag=trueessent001-20,supernight-16-4ft-waterproof-changing-lights,,8/4/2025 9:13am
10 Pack Wedge Ultimate Door Stop,Experience the quality and reliability of this premium stop. Carefully designed with attention to detail and built to meet high standards. Popular among customers for its excellent value and dependable performance. Perfect for those seeking a trustworthy solution that delivers on its promises. See why customers recommend this choice!,https://via.placeholder.com/400x400/f8fafc/475569?text=Amazon%2BProduct,https://www.amazon.com/dp/B078HNR66C?tag=trueessent001-20,10-pack-wedge-ultimate-door-stop,Automotive,8/5/2025 12:03pm
Quality Product,Experience the quality and reliability of this premium product. Carefully designed with attention to detail and built to meet high standards. Popular among customers for its excellent value and dependable performance. Perfect for those seeking a trustworthy solution that delivers on its promises. See why customers recommend this choice!,https://via.placeholder.com/400x400/f8fafc/475569?text=Amazon%2BProduct,https://www.amazon.com/dp/B0834LTTXV?tag=trueessent001-20,quality-product,Automotive,8/5/2025 12:10pm
Gerber Strap Cutter Coyote 30 000132,Experience the quality and reliability of this premium 000132. Carefully designed with attention to detail and built to meet high standards. Popular among customers for its excellent value and dependable performance. Perfect for those seeking a trustworthy solution that delivers on its promises. See why customers recommend this choice!,https://via.placeholder.com/400x400/f8fafc/475569?text=Amazon%2BProduct,https://www.amazon.com/dp/B001PTGOKK?tag=trueessent001-20,gerber-strap-cutter-coyote-30-000132,Automotive,8/5/2025 12:55pm
5 11 56662ABR 134 1SZ Tacmed Pouch Kangaroo,Experience the quality and reliability of this premium kangaroo. Carefully designed with attention to detail and built to meet high standards. Popular among customers for its excellent value and dependable performance. Perfect for those seeking a trustworthy solution that delivers on its promises. See why customers recommend this choice!,https://via.placeholder.com/400x400/f8fafc/475569?text=Amazon%2BProduct,https://www.amazon.com/dp/B0DCZQ7GXP?tag=trueessent001-20,5-11-56662abr-134-1sz-tacmed-pouch-kangaroo,Automotive,8/5/2025 1:00pm
Shower Mirror Shaving Fogless Small,Experience the quality and reliability of this premium small. Carefully designed with attention to detail and built to meet high standards. Popular among customers for its excellent value and dependable performance. Perfect for those seeking a trustworthy solution that delivers on its promises. See why customers recommend this choice!,https://via.placeholder.com/400x400/f8fafc/475569?text=Amazon%2BProduct,https://www.amazon.com/dp/B0B7J4XV9N?tag=trueessent001-20,shower-mirror-shaving-fogless-small,Automotive,8/5/2025 1:01pm
SURGICAL ONLINE Set of 2 Premium Quality 12&#34;...,Experience the quality and reliability of this premium set. Carefully designed with attention to detail and built to meet high standards. Popular among customers for its excellent value and dependable performance. Perfect for those seeking a trustworthy solution that delivers on its promises. See why customers recommend this choice!,https://m.media-amazon.com/images/I/61K9Msshv6L._SL1500_.jpg,https://www.amazon.com/dp/B085MQFSV3?tag=trueessent001-20,surgical-online-set-of-2-premium-quality-1234,Automotive,8/5/2025 1:05pm
HitLights Weatherproof Flexible UL Listed...,"Upgrade your lighting with this energy-efficient LED solution. Provides bright, consistent illumination while reducing energy costs. Easy to install and built to last, offering reliable performance for years. Perfect for enhancing ambiance, improving visibility, or replacing outdated lighting fixtures.",https://via.placeholder.com/400x400/f8fafc/475569?text=Amazon%2BProduct,https://www.amazon.com/dp/B006U5SE7U?tag=trueessent001-20,hitlights-weatherproof-flexible-ul-listed,,8/5/2025 1:37pm
RHINO USA Soft Motorcycle Straps,Experience the quality and reliability of this premium straps. Carefully designed with attention to detail and built to meet high standards. Popular among customers for its excellent value and dependable performance. Perfect for those seeking a trustworthy solution that delivers on its promises. See why customers recommend this choice!,https://via.placeholder.com/400x400/f8fafc/475569?text=Amazon%2BProduct,https://www.amazon.com/dp/B01AS5QC1C?tag=trueessent001-20,rhino-usa-soft-motorcycle-straps,Automotive,8/6/2025 11:19am
Gueevin 8 Pcs Extendable Plastic Brush Case Clear Paint...,Experience the quality and reliability of this premium case. Carefully designed with attention to detail and built to meet high standards. Popular among customers for its excellent value and dependable performance. Perfect for those seeking a trustworthy solution that delivers on its promises. See why customers recommend this choice!,https://m.media-amazon.com/images/I/71e5oGXT93L._AC_SL1000_.jpg,https://www.amazon.com/dp/B0B9BDWP9F?tag=trueessent001-20,gueevin-8-pcs-extendable-plastic-brush-case-clear-paint,,8/12/2025 12:03pm
30PCS 40ml 25x140mm Plastic Test Tubes with Screw Caps...,Experience the quality and reliability of this premium caps. Carefully designed with attention to detail and built to meet high standards. Popular among customers for its excellent value and dependable performance. Perfect for those seeking a trustworthy solution that delivers on its promises. See why customers recommend this choice!,https://m.media-amazon.com/images/I/81d-Gn-TUyL._SL1500_.jpg,https://www.amazon.com/dp/B099W81D52?tag=trueessent001-20,30pcs-40ml-25x140mm-plastic-test-tubes-with-screw-caps,,8/12/2025 12:04pm
BTSD-home 25x140mm(40ml) Plastic Test Tubes with Screw...,Experience the quality and reliability of this premium screw. Carefully designed with attention to detail and built to meet high standards. Popular among customers for its excellent value and dependable performance. Perfect for those seeking a trustworthy solution that delivers on its promises. See why customers recommend this choice!,https://m.media-amazon.com/images/I/61eE9rmF+WL._SL1001_.jpg,https://www.amazon.com/dp/B081YXXGFW?tag=trueessent001-20,btsd-home-25x140mm40ml-plastic-test-tubes-with-screw,,8/12/2025 12:05pm
"45ml Clear Plastic Test Tubes, 25x140mm Tube for Sample,...","Experience the quality and reliability of this premium sample,. Carefully designed with attention to detail and built to meet high standards. Popular among customers for its excellent value and dependable performance. Perfect for those seeking a trustworthy solution that delivers on its promises. See why customers recommend this choice!",https://m.media-amazon.com/images/I/71jje4vlsbL._SL1500_.jpg,https://www.amazon.com/dp/B08T73V1JQ?tag=trueessent001-20,45ml-clear-plastic-test-tubes-25x140mm-tube-for-sample,Automotive,8/12/2025 12:05pm
DEPEPE 18pcs 115ml Clear Flat Plastic Test Tubes with...,Experience the quality and reliability of this premium with. Carefully designed with attention to detail and built to meet high standards. Popular among customers for its excellent value and dependable performance. Perfect for those seeking a trustworthy solution that delivers on its promises. See why customers recommend this choice!,https://m.media-amazon.com/images/I/71o+r0Ch6HS._SL1500_.jpg,https://www.amazon.com/dp/B07QHT3TS8?tag=trueessent001-20,depepe-18pcs-115ml-clear-flat-plastic-test-tubes-with,Automotive,8/12/2025 12:06pm
DEPEPE 30pcs 50ml Clear Flat Plastic Test Tubes with...,Experience the quality and reliability of this premium with. Carefully designed with attention to detail and built to meet high standards. Popular among customers for its excellent value and dependable performance. Perfect for those seeking a trustworthy solution that delivers on its promises. See why customers recommend this choice!,https://m.media-amazon.com/images/I/818kYP5yYwL._SL1500_.jpg,https://www.amazon.com/dp/B07BKR7JKR?tag=trueessent001-20,depepe-30pcs-50ml-clear-flat-plastic-test-tubes-with,Automotive,8/12/2025 12:07pm
"Clear Plastic Test Tubes with Caps,20pcs 25x140mm(45ml)...",Experience the quality and reliability of this premium 25x140mm(45ml). Carefully designed with attention to detail and built to meet high standards. Popular among customers for its excellent value and dependable performance. Perfect for those seeking a trustworthy solution that delivers on its promises. See why customers recommend this choice!,https://m.media-amazon.com/images/I/514nTnpWxDL._SL1000_.jpg,https://www.amazon.com/dp/B07RTX9RWV?tag=trueessent001-20,clear-plastic-test-tubes-with-caps20pcs-25x140mm45ml,Automotive,8/12/2025 12:07pm
"Hordion 4-Claw Pick up Tool Piercing Ball Grabber,...",Experience the quality and reliability of this premium tool. Carefully designed with attention to detail and built to meet high standards. Popular among customers for its excellent value and dependable performance. Perfect for those seeking a trustworthy solution that delivers on its promises. See why customers recommend this choice!,https://m.media-amazon.com/images/I/614L8Oe8I2L._AC_SL1000_.jpg,https://www.amazon.com/dp/B0CT4QPLJ2?tag=trueessent001-20,hordion-4-claw-pick-up-tool-piercing-ball-grabber,,8/12/2025 2:22pm
Quality Product,Experience the quality and reliability of this premium product. Carefully designed with attention to detail and built to meet high standards. Popular among customers for its excellent value and dependable performance. Perfect for those seeking a trustworthy solution that delivers on its promises. See why customers recommend this choice!,https://via.placeholder.com/400x400/f8fafc/475569?text=Amazon%2BProduct,https://www.amazon.com/dp/B08X4DKFH4?tag=trueessent001-20,quality-product,Automotive,8/12/2025 2:23pm
4 Pcs Page Magnifying Sheet 3X 5X Clear Lightweight...,"Upgrade your lighting with this energy-efficient LED solution. Provides bright, consistent illumination while reducing energy costs. Easy to install and built to last, offering reliable performance for years. Perfect for enhancing ambiance, improving visibility, or replacing outdated lighting fixtures.",https://m.media-amazon.com/images/I/518UD2cLdIL._AC_SL1000_.jpg,https://www.amazon.com/dp/B0DG8Z95MY?tag=trueessent001-20,4-pcs-page-magnifying-sheet-3x-5x-clear-lightweight,,8/14/2025 8:46am
"Hordion 4-Claw Pick up Tool Piercing Ball Grabber,...",Experience the quality and reliability of this premium tool. Carefully designed with attention to detail and built to meet high standards. Popular among customers for its excellent value and dependable performance. Perfect for those seeking a trustworthy solution that delivers on its promises. See why customers recommend this choice!,https://m.media-amazon.com/images/I/614L8Oe8I2L._AC_SL1000_.jpg,https://www.amazon.com/dp/B0CT4QPLJ2?tag=trueessent001-20,hordion-4-claw-pick-up-tool-piercing-ball-grabber,,8/14/2025 8:46am
"6 Credit Card Size 3X Magnifiers, Each Magnifier for...",Experience the quality and reliability of this premium for. Carefully designed with attention to detail and built to meet high standards. Popular among customers for its excellent value and dependable performance. Perfect for those seeking a trustworthy solution that delivers on its promises. See why customers recommend this choice!,https://m.media-amazon.com/images/I/71Z3BgwIn8L._AC_SL1000_.jpg,https://www.amazon.com/dp/B07Z2VHF4G?tag=trueessent001-20,6-credit-card-size-3x-magnifiers-each-magnifier-for,Automotive,8/14/2025 8:47am
"Torch Lighters, 2 Pack, Butane Lighters, Adjustable Jet...","Upgrade your lighting with this energy-efficient LED solution. Provides bright, consistent illumination while reducing energy costs. Easy to install and built to last, offering reliable performance for years. Perfect for enhancing ambiance, improving visibility, or replacing outdated lighting fixtures.",https://m.media-amazon.com/images/I/616x%2BvHwK0S._AC_SL1000_.jpg,https://www.amazon.com/dp/B095N84L8C?tag=trueessent001-20,torch-lighters-2-pack-butane-lighters-adjustable-jet,,8/14/2025 8:50am
Kichvoe 20pcs Evidence Markers Crime Scene Markers 1-20...,Experience the quality and reliability of this premium 1-20. Carefully designed with attention to detail and built to meet high standards. Popular among customers for its excellent value and dependable performance. Perfect for those seeking a trustworthy solution that delivers on its promises. See why customers recommend this choice!,https://m.media-amazon.com/images/I/61Mctn%2BPm9L._AC_SL1000_.jpg,https://www.amazon.com/dp/B0CP4RHNQM?tag=trueessent001-20,kichvoe-20pcs-evidence-markers-crime-scene-markers-1-20,,8/14/2025 8:51am
PS DIRECT PRODUCTS: Heavy Duty Danger Tape - 3 inch x...,Experience the quality and reliability of this premium inch. Carefully designed with attention to detail and built to meet high standards. Popular among customers for its excellent value and dependable performance. Perfect for those seeking a trustworthy solution that delivers on its promises. See why customers recommend this choice!,https://m.media-amazon.com/images/I/51W+VPwoq+L._SL1152_.jpg,https://www.amazon.com/dp/B08YH5PSJX?tag=trueessent001-20,ps-direct-products-heavy-duty-danger-tape---3-inch-x,Automotive,8/14/2025 8:52am
DAOKI 20Pcs Micro Limit Switch Lever Arm Long 28MM SPDT 3...,Experience the quality and reliability of this premium spdt. Carefully designed with attention to detail and built to meet high standards. Popular among customers for its excellent value and dependable performance. Perfect for those seeking a trustworthy solution that delivers on its promises. See why customers recommend this choice!,https://m.media-amazon.com/images/I/61ijXNhlVlL._SL1024_.jpg,https://www.amazon.com/dp/B07YKFX99S?tag=trueessent001-20,daoki-20pcs-micro-limit-switch-lever-arm-long-28mm-spdt-3,Automotive,8/14/2025 11:43am
12PCS Mini Toggle Switch SPST 6A 125V Miniature ON/Off 2...,Experience the quality and reliability of this premium on/off. Carefully designed with attention to detail and built to meet high standards. Popular among customers for its excellent value and dependable performance. Perfect for those seeking a trustworthy solution that delivers on its promises. See why customers recommend this choice!,https://m.media-amazon.com/images/I/71Jlj86TrrL._SL1500_.jpg,https://www.amazon.com/dp/B0FH26ZN3N?tag=trueessent001-20,12pcs-mini-toggle-switch-spst-6a-125v-miniature-onoff-2,Automotive,8/14/2025 11:46am
"(Pack of 120) I-Type 9V Battery Connector, 9 Volt Battery...",Experience the quality and reliability of this premium battery. Carefully designed with attention to detail and built to meet high standards. Popular among customers for its excellent value and dependable performance. Perfect for those seeking a trustworthy solution that delivers on its promises. See why customers recommend this choice!,https://m.media-amazon.com/images/I/71s9hDBkm2L._AC_SL1000_.jpg,https://www.amazon.com/dp/B09JLD8R4R?tag=trueessent001-20,pack-of-120-i-type-9v-battery-connector-9-volt-battery,Automotive,8/14/2025 11:48am
10Pcs BT151-500R NXP Thyristor SCR 500V 12A 3-Pin TO-220...,Experience the quality and reliability of this premium to-220. Carefully designed with attention to detail and built to meet high standards. Popular among customers for its excellent value and dependable performance. Perfect for those seeking a trustworthy solution that delivers on its promises. See why customers recommend this choice!,https://m.media-amazon.com/images/I/51CLYdfxcxL._SL1000_.jpg,https://www.amazon.com/dp/B09ZKYHMBD?tag=trueessent001-20,10pcs-bt151-500r-nxp-thyristor-scr-500v-12a-3-pin-to-220,Automotive,8/14/2025 11:49am
Zirconia Ceramic Blades - 5Pack Replacement Utility...,Experience the quality and reliability of this premium utility. Carefully designed with attention to detail and built to meet high standards. Popular among customers for its excellent value and dependable performance. Perfect for those seeking a trustworthy solution that delivers on its promises. See why customers recommend this choice!,https://m.media-amazon.com/images/I/51oaW5%2BMV6L._AC_SL1000_.jpg,https://www.amazon.com/dp/B0DKF26VZX?tag=trueessent001-20,zirconia-ceramic-blades---5pack-replacement-utility,Automotive,8/18/2025 9:08am
50 pcs Numbered Security Tags Tamper-Evident Steel Wire...,"Protect what matters most with this advanced security solution. Features cutting-edge technology for reliable monitoring and peace of mind. Easy to set up and integrate with existing systems. Whether for home or business use, this device provides the security features you need to stay protected.",https://m.media-amazon.com/images/I/61s7A9NrgUL._SL1500_.jpg,https://www.amazon.com/dp/B088BPKY5Q?tag=trueessent001-20,50-pcs-numbered-security-tags-tamper-evident-steel-wire,,8/18/2025 9:16am
Spring Tools Professional High Speed Steel Center Punch -...,Experience the quality and reliability of this premium tool. Carefully designed with attention to detail and built to meet high standards. Popular among customers for its excellent value and dependable performance. Perfect for those seeking a trustworthy solution that delivers on its promises. See why customers recommend this choice!,https://m.media-amazon.com/images/I/511XkFf6nKL._AC_SL1000_.jpg,https://www.amazon.com/dp/B000FK3W0K?tag=trueessent001-20,spring-tools-professional-high-speed-steel-center-punch--,,8/18/2025 2:03pm
"CS Unitec Screwdriver Phillips Head Non-Sparking,...","Experience the quality and reliability of this premium non-sparking,. Carefully designed with attention to detail and built to meet high standards. Popular among customers for its excellent value and dependable performance. Perfect for those seeking a trustworthy solution that delivers on its promises. See why customers recommend this choice!",https://m.media-amazon.com/images/I/61Kpz9zbj7L._SL1500_.jpg,https://www.amazon.com/dp/B08DPZXKHR?tag=trueessent001-20,cs-unitec-screwdriver-phillips-head-non-sparking,,8/19/2025 10:31am
"CS Unitec Screwdriver Flat Head Non-Sparking,...","Experience the quality and reliability of this premium non-sparking,. Carefully designed with attention to detail and built to meet high standards. Popular among customers for its excellent value and dependable performance. Perfect for those seeking a trustworthy solution that delivers on its promises. See why customers recommend this choice!",https://m.media-amazon.com/images/I/61E7b4RvzbL._SL1500_.jpg,https://www.amazon.com/dp/B08DQ659S5?tag=trueessent001-20,cs-unitec-screwdriver-flat-head-non-sparking,,8/19/2025 10:32am
IDEAL 35-450 Robo Grip Pliers 7 in.,Experience the quality and reliability of this premium in.. Carefully designed with attention to detail and built to meet high standards. Popular among customers for its excellent value and dependable performance. Perfect for those seeking a trustworthy solution that delivers on its promises. See why customers recommend this choice!,https://m.media-amazon.com/images/I/61KJjdFR0hL._AC_SL1000_.jpg,https://www.amazon.com/dp/B0CPB26N6Z?tag=trueessent001-20,ideal-35-450-robo-grip-pliers-7-in,Automotive,8/19/2025 11:03am
Sper Scientific 24-Hour Digital Lab + Kitchen Timer with...,"Elevate your cooking experience with this premium kitchen essential. Designed for both amateur cooks and professional chefs, it combines functionality with durability. Features quality materials and thoughtful design elements that make meal preparation easier and more enjoyable. A must-have addition to any well-equipped kitchen.",https://m.media-amazon.com/images/I/61aHebBjBCL._AC_SL1000_.jpg,https://www.amazon.com/dp/B0DWY2FS6F?tag=trueessent001-20,sper-scientific-24-hour-digital-lab--kitchen-timer-with,,8/19/2025 12:37pm
"E6000 230010 Craft Adhesive, 3.7 Fluid Ounces",Experience the quality and reliability of this premium ounces. Carefully designed with attention to detail and built to meet high standards. Popular among customers for its excellent value and dependable performance. Perfect for those seeking a trustworthy solution that delivers on its promises. See why customers recommend this choice!,https://m.media-amazon.com/images/I/61qWYzgvXrL._SL1000_.jpg,https://www.amazon.com/dp/B007TSYNG8?tag=trueessent001-20,e6000-230010-craft-adhesive-37-fluid-ounces,,8/25/2025 10:59am
"hand2mind Plastic Mirrors, 4&#34; x 6&#34; (Pack of 4)",Experience the quality and reliability of this premium (pack. Carefully designed with attention to detail and built to meet high standards. Popular among customers for its excellent value and dependable performance. Perfect for those seeking a trustworthy solution that delivers on its promises. See why customers recommend this choice!,https://m.media-amazon.com/images/I/41s-fCSOvlL._SL1000_.jpg,https://www.amazon.com/dp/B01MYXQ7E8?tag=trueessent001-20,hand2mind-plastic-mirrors-434-x-634-pack-of-4,Automotive,8/26/2025 12:15pm
DMM Revolver Wiregate,Experience the quality and reliability of this premium wiregate. Carefully designed with attention to detail and built to meet high standards. Popular among customers for its excellent value and dependable performance. Perfect for those seeking a trustworthy solution that delivers on its promises. See why customers recommend this choice!,https://m.media-amazon.com/images/I/41YM6OQxlGL._AC_SL1000_.jpg,https://www.amazon.com/dp/B09RT8ZTNM?tag=trueessent001-20,dmm-revolver-wiregate,Automotive,8/26/2025 12:36pm
"OdontoMed2011® 12-Inch Self-Locking Straight Forceps,...","Experience the quality and reliability of this premium forceps,. Carefully designed with attention to detail and built to meet high standards. Popular among customers for its excellent value and dependable performance. Perfect for those seeking a trustworthy solution that delivers on its promises. See why customers recommend this choice!",https://m.media-amazon.com/images/I/61Jd428jNaL._AC_SL1000_.jpg,https://www.amazon.com/dp/B07GW2RYDJ?tag=trueessent001-20,odontomed2011-12-inch-self-locking-straight-forceps,Automotive,8/26/2025 12:37pm
"Fiskars PowerArc Heavy-Duty Scissors, Up to 30% More...",Experience the quality and reliability of this premium more. Carefully designed with attention to detail and built to meet high standards. Popular among customers for its excellent value and dependable performance. Perfect for those seeking a trustworthy solution that delivers on its promises. See why customers recommend this choice!,https://m.media-amazon.com/images/I/71WLsUJ0vKL._AC_SL1000_.jpg,https://www.amazon.com/dp/B081S4H8D4?tag=trueessent001-20,fiskars-powerarc-heavy-duty-scissors-up-to-30-more,,8/26/2025 12:40pm
"Fiskars PowerArc Heavy-Duty Scissors, Up to 30% More...",Experience the quality and reliability of this premium more. Carefully designed with attention to detail and built to meet high standards. Popular among customers for its excellent value and dependable performance. Perfect for those seeking a trustworthy solution that delivers on its promises. See why customers recommend this choice!,https://m.media-amazon.com/images/I/71WLsUJ0vKL._AC_SL1000_.jpg,https://www.amazon.com/dp/B081S4H8D4?tag=trueessent001-20,fiskars-powerarc-heavy-duty-scissors-up-to-30-more,,8/26/2025 12:40pm
Milwaukee 48-11-2420 M12 2.0 Compact Battery Pack (1-Pack),Experience the quality and reliability of this premium (1-pack). Carefully designed with attention to detail and built to meet high standards. Popular among customers for its excellent value and dependable performance. Perfect for those seeking a trustworthy solution that delivers on its promises. See why customers recommend this choice!,https://m.media-amazon.com/images/I/61vtiRzmHwL._AC_SL1000_.jpg,https://www.amazon.com/dp/B00CHU9ZDE?tag=trueessent001-20,milwaukee-48-11-2420-m12-20-compact-battery-pack-1-pack,Automotive,8/26/2025 12:45pm
"IRWIN Screw Extractor, Spiral Flute, 6-Piece (53545)",Experience the quality and reliability of this premium (53545). Carefully designed with attention to detail and built to meet high standards. Popular among customers for its excellent value and dependable performance. Perfect for those seeking a trustworthy solution that delivers on its promises. See why customers recommend this choice!,https://m.media-amazon.com/images/I/71GBPVhMDCL._AC_SL1000_.jpg,https://www.amazon.com/dp/B001D1FXDE?tag=trueessent001-20,irwin-screw-extractor-spiral-flute-6-piece-53545,,8/26/2025 12:46pm
HURRICANE 4 Piece Wood Chisel Set for Woodworking. CR-V...,Experience the quality and reliability of this premium set. Carefully designed with attention to detail and built to meet high standards. Popular among customers for its excellent value and dependable performance. Perfect for those seeking a trustworthy solution that delivers on its promises. See why customers recommend this choice!,https://m.media-amazon.com/images/I/71NB6r65JfL._AC_SL1000_.jpg,https://www.amazon.com/dp/B07GGYNHSQ?tag=trueessent001-20,hurricane-4-piece-wood-chisel-set-for-woodworking-cr-v,Automotive,8/26/2025 12:47pm
"Windshield Removal Tool, Window Removal Tool,...",Experience the quality and reliability of this premium tool. Carefully designed with attention to detail and built to meet high standards. Popular among customers for its excellent value and dependable performance. Perfect for those seeking a trustworthy solution that delivers on its promises. See why customers recommend this choice!,https://m.media-amazon.com/images/I/51dBbTor8LL._AC_SL1000_.jpg,https://www.amazon.com/dp/B07WZTN93P?tag=trueessent001-20,windshield-removal-tool-window-removal-tool,Automotive,8/26/2025 12:48pm
Bosch SDT4 1/4 In. to 7/8 In. Titanium-Coated Step Drill Bit,"This professional-grade cordless drill delivers the power and precision you need for any project. Features a high-performance motor, long-lasting battery, and ergonomic design for comfortable extended use. Perfect for drilling, driving screws, and tackle both light household tasks and demanding professional jobs. Trusted by contractors and DIY enthusiasts alike.",https://m.media-amazon.com/images/I/51XR8X7V%2BYL._AC_SL1000_.jpg,https://www.amazon.com/dp/B000VC8UTA?tag=trueessent001-20,bosch-sdt4-14-in-to-78-in-titanium-coated-step-drill-bit,,8/26/2025 12:50pm
BOSCH TI2151IM 1-Piece 3/8 In. x 5 In. Titanium Nitride...,Experience the quality and reliability of this premium nitride. Carefully designed with attention to detail and built to meet high standards. Popular among customers for its excellent value and dependable performance. Perfect for those seeking a trustworthy solution that delivers on its promises. See why customers recommend this choice!,https://m.media-amazon.com/images/I/71Hs4UjxrKL._SL1500_.jpg,https://www.amazon.com/dp/B01H0NVAF8?tag=trueessent001-20,bosch-ti2151im-1-piece-38-in-x-5-in-titanium-nitride,Automotive,8/26/2025 12:51pm
BOSCH TI2143IM 1-Piece 1/4 In. x 4 In. Titanium Nitride...,Experience the quality and reliability of this premium nitride. Carefully designed with attention to detail and built to meet high standards. Popular among customers for its excellent value and dependable performance. Perfect for those seeking a trustworthy solution that delivers on its promises. See why customers recommend this choice!,https://m.media-amazon.com/images/I/71shIZmIoWL._SL1500_.jpg,https://www.amazon.com/dp/B01H0NV0UI?tag=trueessent001-20,bosch-ti2143im-1-piece-14-in-x-4-in-titanium-nitride,Automotive,8/26/2025 12:52pm
BOSCH TI2143IM 1-Piece 1/4 In. x 4 In. Titanium Nitride...,Experience the quality and reliability of this premium nitride. Carefully designed with attention to detail and built to meet high standards. Popular among customers for its excellent value and dependable performance. Perfect for those seeking a trustworthy solution that delivers on its promises. See why customers recommend this choice!,https://m.media-amazon.com/images/I/71shIZmIoWL._SL1500_.jpg,https://www.amazon.com/dp/B01H0NV0UI?tag=trueessent001-20,bosch-ti2143im-1-piece-14-in-x-4-in-titanium-nitride,Automotive,8/26/2025 12:52pm
"Wiha 79443 X-Selector Bit Set With Slotted, Phillips,...",Experience the quality and reliability of this premium set. Carefully designed with attention to detail and built to meet high standards. Popular among customers for its excellent value and dependable performance. Perfect for those seeking a trustworthy solution that delivers on its promises. See why customers recommend this choice!,https://m.media-amazon.com/images/I/71iSJv-MX-L._SL1500_.jpg,https://www.amazon.com/dp/B002R0ERNW?tag=trueessent001-20,wiha-79443-x-selector-bit-set-with-slotted-phillips,Automotive,8/26/2025 12:53pm
Champion Cutting Tool CT7-5/8 Inch Tungsten Carbide...,Experience the quality and reliability of this premium tool. Carefully designed with attention to detail and built to meet high standards. Popular among customers for its excellent value and dependable performance. Perfect for those seeking a trustworthy solution that delivers on its promises. See why customers recommend this choice!,https://m.media-amazon.com/images/I/31DH9P6HKGL._AC_SL1000_.jpg,https://www.amazon.com/dp/B0002PS7GC?tag=trueessent001-20,champion-cutting-tool-ct7-58-inch-tungsten-carbide,Automotive,8/26/2025 12:54pm
"MEDVICE 4 Pack Medical Scissors, EMT and Trauma Shears -...",Experience the quality and reliability of this premium shears. Carefully designed with attention to detail and built to meet high standards. Popular among customers for its excellent value and dependable performance. Perfect for those seeking a trustworthy solution that delivers on its promises. See why customers recommend this choice!,https://m.media-amazon.com/images/I/61wM+IgUUQL._SL1500_.jpg,https://www.amazon.com/dp/B0CF1J53HG?tag=trueessent001-20,medvice-4-pack-medical-scissors-emt-and-trauma-shears--,,8/26/2025 12:56pm
4 Pack 4.5&#39;&#39; Diagonal Wire Cutting Pliers Nippers...,Experience the quality and reliability of this premium nippers. Carefully designed with attention to detail and built to meet high standards. Popular among customers for its excellent value and dependable performance. Perfect for those seeking a trustworthy solution that delivers on its promises. See why customers recommend this choice!,https://m.media-amazon.com/images/I/61s5toiF3cL._AC_SL1000_.jpg,https://www.amazon.com/dp/B09GFSN1CX?tag=trueessent001-20,4-pack-453939-diagonal-wire-cutting-pliers-nippers,Automotive,8/26/2025 12:57pm
Dykes 4.5&#34; Side Cutter Diagonal Wire Cutting Pliers...,Experience the quality and reliability of this premium pliers. Carefully designed with attention to detail and built to meet high standards. Popular among customers for its excellent value and dependable performance. Perfect for those seeking a trustworthy solution that delivers on its promises. See why customers recommend this choice!,https://m.media-amazon.com/images/I/51LosWuzpQL._AC_SL1000_.jpg,https://www.amazon.com/dp/B0733NRF2C?tag=trueessent001-20,dykes-4534-side-cutter-diagonal-wire-cutting-pliers,Automotive,8/26/2025 1:00pm
Gorilla Tough Wide Utility 1 Pack,Experience the quality and reliability of this premium pack. Carefully designed with attention to detail and built to meet high standards. Popular among customers for its excellent value and dependable performance. Perfect for those seeking a trustworthy solution that delivers on its promises. See why customers recommend this choice!,https://via.placeholder.com/400x400/f8fafc/475569?text=Amazon%2BProduct,https://www.amazon.com/dp/B08V4DXTRZ?tag=trueessent001-20,gorilla-tough-wide-utility-1-pack,Automotive,9/2/2025 12:39pm
Dorcy 35-Lumen Floating Waterproof LED Flashlight...,"Upgrade your lighting with this energy-efficient LED solution. Provides bright, consistent illumination while reducing energy costs. Easy to install and built to last, offering reliable performance for years. Perfect for enhancing ambiance, improving visibility, or replacing outdated lighting fixtures.",https://m.media-amazon.com/images/I/71KxydiqNUL._AC_SL1000_.jpg,https://www.amazon.com/dp/B006U983Y0?tag=trueessent001-20,dorcy-35-lumen-floating-waterproof-led-flashlight,,9/10/2025 10:33am
"22 AWG Wire Electrical Wires 22 Gauge Tinned Copper Wire,...","Experience the quality and reliability of this premium wire,. Carefully designed with attention to detail and built to meet high standards. Popular among customers for its excellent value and dependable performance. Perfect for those seeking a trustworthy solution that delivers on its promises. See why customers recommend this choice!",https://m.media-amazon.com/images/I/61zjvpkCNBL._SL1000_.jpg,https://www.amazon.com/dp/B0815ZDD5H?tag=trueessent001-20,22-awg-wire-electrical-wires-22-gauge-tinned-copper-wire,,9/10/2025 10:36am
Fermerry 20 AWG Stranded Wire Spool 50ft Each 6 Colors...,"Tired of struggling with wires that are a nightmare to handle? Say hello to Fermerry 20 AWG Stranded Wire Spool! This 50ft spool in 6 vibrant colors makes wire work a breeze. Say goodbye to the frustration of fiddling with stiff wires – this one is easy to handle, strip, crimp terminals, and weld. Whether you're a DIY enthusiast or a professional electrician, this wire spool will save you time and effort on every project. Ditch the hassle and upgrade to Fermerry for seamless wire work. Make your life easier today! Add this versatile wire spool to your toolkit.",https://m.media-amazon.com/images/I/61dP9NfhOWL._SL1001_.jpg,https://www.amazon.com/dp/B089CT5Q5B?tag=trueessent001-20,fermerry-20-awg-stranded-wire-spool-50ft-each-6-colors,,9/10/2025 10:38am
Nite Ize Figure 9 Carabiner Rope Tightener - Heavy-Duty...,Experience the quality and reliability of this premium heavy-duty. Carefully designed with attention to detail and built to meet high standards. Popular among customers for its excellent value and dependable performance. Perfect for those seeking a trustworthy solution that delivers on its promises. See why customers recommend this choice!,https://m.media-amazon.com/images/I/81q%2BebCXGQL._AC_SL1000_.jpg,https://www.amazon.com/dp/B0CLDYWBMX?tag=trueessent001-20,nite-ize-figure-9-carabiner-rope-tightener---heavy-duty,,9/10/2025 12:36pm
SATINIOR 36 Pieces 2 oz Plastic Jars with Lids Wide Mouth...,Experience the quality and reliability of this premium mouth. Carefully designed with attention to detail and built to meet high standards. Popular among customers for its excellent value and dependable performance. Perfect for those seeking a trustworthy solution that delivers on its promises. See why customers recommend this choice!,https://m.media-amazon.com/images/I/71bRZIF2C4L._AC_SL1000_.jpg,https://www.amazon.com/dp/B083ZBVZ32?tag=trueessent001-20,satinior-36-pieces-2-oz-plastic-jars-with-lids-wide-mouth,Automotive,9/10/2025 2:10pm
SATINIOR 36 Pieces 2 oz Plastic Jars with Lids Wide Mouth...,Experience the quality and reliability of this premium mouth. Carefully designed with attention to detail and built to meet high standards. Popular among customers for its excellent value and dependable performance. Perfect for those seeking a trustworthy solution that delivers on its promises. See why customers recommend this choice!,https://m.media-amazon.com/images/I/71bRZIF2C4L._AC_SL1000_.jpg,https://www.amazon.com/dp/B083ZBVZ32?tag=trueessent001-20,satinior-36-pieces-2-oz-plastic-jars-with-lids-wide-mouth,Automotive,9/10/2025 2:10pm
"Morton Iodized Salt, All-Purpose, (26 oz), 2-Pack -...",Experience the quality and reliability of this premium 2-pack. Carefully designed with attention to detail and built to meet high standards. Popular among customers for its excellent value and dependable performance. Perfect for those seeking a trustworthy solution that delivers on its promises. See why customers recommend this choice!,https://m.media-amazon.com/images/I/71vEes0M4uL._SL1500_.jpg,https://www.amazon.com/dp/B0D26V312B?tag=trueessent001-20,morton-iodized-salt-all-purpose-26-oz-2-pack--,Automotive,9/10/2025 2:10pm
"Morton Iodized Salt, All-Purpose, (26 oz), 2-Pack -...",Experience the quality and reliability of this premium 2-pack. Carefully designed with attention to detail and built to meet high standards. Popular among customers for its excellent value and dependable performance. Perfect for those seeking a trustworthy solution that delivers on its promises. See why customers recommend this choice!,https://m.media-amazon.com/images/I/71vEes0M4uL._SL1500_.jpg,https://www.amazon.com/dp/B0D26V312B?tag=trueessent001-20,morton-iodized-salt-all-purpose-26-oz-2-pack--,Automotive,9/10/2025 2:11pm
"Crisco Pure Vegetable Oil, 16 Fluid Ounce",Experience the quality and reliability of this premium ounce. Carefully designed with attention to detail and built to meet high standards. Popular among customers for its excellent value and dependable performance. Perfect for those seeking a trustworthy solution that delivers on its promises. See why customers recommend this choice!,https://m.media-amazon.com/images/I/71uusJ1xs+L._SL1500_.jpg,https://www.amazon.com/dp/B00VEJ14JM?tag=trueessent001-20,crisco-pure-vegetable-oil-16-fluid-ounce,Automotive,9/10/2025 2:11pm
"Kingsford Original Charcoal Briquettes, BBQ Charcoal for...",Experience the quality and reliability of this premium for. Carefully designed with attention to detail and built to meet high standards. Popular among customers for its excellent value and dependable performance. Perfect for those seeking a trustworthy solution that delivers on its promises. See why customers recommend this choice!,https://m.media-amazon.com/images/I/71jx5KCOQAL._AC_SL1000_.jpg,https://www.amazon.com/dp/B07NNZJ2V6?tag=trueessent001-20,kingsford-original-charcoal-briquettes-bbq-charcoal-for,Automotive,9/10/2025 2:11pm
"Crisco Pure Vegetable Oil, 16 Fluid Ounce",Experience the quality and reliability of this premium ounce. Carefully designed with attention to detail and built to meet high standards. Popular among customers for its excellent value and dependable performance. Perfect for those seeking a trustworthy solution that delivers on its promises. See why customers recommend this choice!,https://m.media-amazon.com/images/I/71uusJ1xs+L._SL1500_.jpg,https://www.amazon.com/dp/B00VEJ14JM?tag=trueessent001-20,crisco-pure-vegetable-oil-16-fluid-ounce,Automotive,9/10/2025 2:11pm
"McKesson Cotton Balls [2000 Count] Bulk, 100% Pure Cotton...",Experience the quality and reliability of this premium cotton. Carefully designed with attention to detail and built to meet high standards. Popular among customers for its excellent value and dependable performance. Perfect for those seeking a trustworthy solution that delivers on its promises. See why customers recommend this choice!,https://m.media-amazon.com/images/I/61+M7MRY6eL._SL1500_.jpg,https://www.amazon.com/dp/B07K31B59G?tag=trueessent001-20,mckesson-cotton-balls-2000-count-bulk-100-pure-cotton,Automotive,9/10/2025 2:11pm
"Kingsford Original Charcoal Briquettes, BBQ Charcoal for...",Experience the quality and reliability of this premium for. Carefully designed with attention to detail and built to meet high standards. Popular among customers for its excellent value and dependable performance. Perfect for those seeking a trustworthy solution that delivers on its promises. See why customers recommend this choice!,https://m.media-amazon.com/images/I/71jx5KCOQAL._AC_SL1000_.jpg,https://www.amazon.com/dp/B07NNZJ2V6?tag=trueessent001-20,kingsford-original-charcoal-briquettes-bbq-charcoal-for,Automotive,9/10/2025 2:11pm
"Amazon Grocery, Corn Starch,16 Oz (Previously Amazon...",Experience the quality and reliability of this premium amazon. Carefully designed with attention to detail and built to meet high standards. Popular among customers for its excellent value and dependable performance. Perfect for those seeking a trustworthy solution that delivers on its promises. See why customers recommend this choice!,https://m.media-amazon.com/images/I/61nOZGofGML._SL1500_.jpg,https://www.amazon.com/dp/B09NRHD5K1?tag=trueessent001-20,amazon-grocery-corn-starch16-oz-previously-amazon,Automotive,9/10/2025 2:11pm
"McKesson Cotton Balls [2000 Count] Bulk, 100% Pure Cotton...",Experience the quality and reliability of this premium cotton. Carefully designed with attention to detail and built to meet high standards. Popular among customers for its excellent value and dependable performance. Perfect for those seeking a trustworthy solution that delivers on its promises. See why customers recommend this choice!,https://m.media-amazon.com/images/I/61+M7MRY6eL._SL1500_.jpg,https://www.amazon.com/dp/B07K31B59G?tag=trueessent001-20,mckesson-cotton-balls-2000-count-bulk-100-pure-cotton,Automotive,9/10/2025 2:11pm
"Morton Ice Cream Salt, Rock Salt, 4 Pound, Tub (Pack of 4)",Experience the quality and reliability of this premium (pack. Carefully designed with attention to detail and built to meet high standards. Popular among customers for its excellent value and dependable performance. Perfect for those seeking a trustworthy solution that delivers on its promises. See why customers recommend this choice!,https://m.media-amazon.com/images/I/71+gmk7spKL._SL1500_.jpg,https://www.amazon.com/dp/B088XD489R?tag=trueessent001-20,morton-ice-cream-salt-rock-salt-4-pound-tub-pack-of-4,Automotive,9/10/2025 2:11pm
"Amazon Grocery, Corn Starch,16 Oz (Previously Amazon...",Experience the quality and reliability of this premium amazon. Carefully designed with attention to detail and built to meet high standards. Popular among customers for its excellent value and dependable performance. Perfect for those seeking a trustworthy solution that delivers on its promises. See why customers recommend this choice!,https://m.media-amazon.com/images/I/61nOZGofGML._SL1500_.jpg,https://www.amazon.com/dp/B09NRHD5K1?tag=trueessent001-20,amazon-grocery-corn-starch16-oz-previously-amazon,Automotive,9/10/2025 2:11pm
SATINIOR 36 Pieces 2 oz Plastic Jars with Lids Wide Mouth...,Experience the quality and reliability of this premium mouth. Carefully designed with attention to detail and built to meet high standards. Popular among customers for its excellent value and dependable performance. Perfect for those seeking a trustworthy solution that delivers on its promises. See why customers recommend this choice!,https://m.media-amazon.com/images/I/71bRZIF2C4L._AC_SL1000_.jpg,https://www.amazon.com/dp/B083ZBVZ32?tag=trueessent001-20,satinior-36-pieces-2-oz-plastic-jars-with-lids-wide-mouth,Automotive,9/10/2025 2:12pm
Lemi Shine 100% Citric Acid Powder l Pure Food-Grade...,Experience the quality and reliability of this premium food-grade. Carefully designed with attention to detail and built to meet high standards. Popular among customers for its excellent value and dependable performance. Perfect for those seeking a trustworthy solution that delivers on its promises. See why customers recommend this choice!,https://m.media-amazon.com/images/I/711GqbKCAzL._SL1500_.jpg,https://www.amazon.com/dp/B0BQP78VZQ?tag=trueessent001-20,lemi-shine-100-citric-acid-powder-l-pure-food-grade,,9/10/2025 2:13pm
"Precision Kelly Hemostat Forceps Locking Tweezers Clamp,...","Upgrade your lighting with this energy-efficient LED solution. Provides bright, consistent illumination while reducing energy costs. Easy to install and built to last, offering reliable performance for years. Perfect for enhancing ambiance, improving visibility, or replacing outdated lighting fixtures.",https://m.media-amazon.com/images/I/61gOoH+P8xS._SL1500_.jpg,https://www.amazon.com/dp/B0DVGMXDHM?tag=trueessent001-20,precision-kelly-hemostat-forceps-locking-tweezers-clamp,,9/16/2025 5:01pm
TEMO 50 pc Durable Shiny 1/8 Inch Rotary Tool Collet Bit...,Experience the quality and reliability of this premium tool. Carefully designed with attention to detail and built to meet high standards. Popular among customers for its excellent value and dependable performance. Perfect for those seeking a trustworthy solution that delivers on its promises. See why customers recommend this choice!,https://m.media-amazon.com/images/I/618BJ6I9rwL._AC_SL1000_.jpg,https://www.amazon.com/dp/B004HBDE56?tag=trueessent001-20,temo-50-pc-durable-shiny-18-inch-rotary-tool-collet-bit,,9/18/2025 10:51am
Heyiarbeit Photoelectric Sensors Specular Reflection...,"Protect what matters most with this advanced security solution. Features cutting-edge technology for reliable monitoring and peace of mind. Easy to set up and integrate with existing systems. Whether for home or business use, this device provides the security features you need to stay protected.",https://m.media-amazon.com/images/I/61lVbO4i4HS._SL1500_.jpg,https://www.amazon.com/dp/B095WM5X6N?tag=trueessent001-20,heyiarbeit-photoelectric-sensors-specular-reflection,,9/19/2025 10:38am
Photoelectric Sensors Specular Reflection Photoelectric...,"Protect what matters most with this advanced security solution. Features cutting-edge technology for reliable monitoring and peace of mind. Easy to set up and integrate with existing systems. Whether for home or business use, this device provides the security features you need to stay protected.",https://m.media-amazon.com/images/I/61oBP9-BvEL._SL1500_.jpg,https://www.amazon.com/dp/B09DKTZZXM?tag=trueessent001-20,photoelectric-sensors-specular-reflection-photoelectric,,9/19/2025 10:39am
Kinter Cable 100ft 12-Gauge Audio Stereo Speaker Wire...,Experience the quality and reliability of this premium cable. Carefully designed with attention to detail and built to meet high standards. Popular among customers for its excellent value and dependable performance. Perfect for those seeking a trustworthy solution that delivers on its promises. See why customers recommend this choice!,https://m.media-amazon.com/images/I/713yRux3+aL._SL1500_.jpg,https://www.amazon.com/dp/B0B6QZ6JYV?tag=trueessent001-20,kinter-cable-100ft-12-gauge-audio-stereo-speaker-wire,,9/19/2025 10:40am
Kinter Cable 100ft 12-Gauge Audio Stereo Speaker Wire...,Experience the quality and reliability of this premium cable. Carefully designed with attention to detail and built to meet high standards. Popular among customers for its excellent value and dependable performance. Perfect for those seeking a trustworthy solution that delivers on its promises. See why customers recommend this choice!,https://m.media-amazon.com/images/I/713yRux3+aL._SL1500_.jpg,https://www.amazon.com/dp/B0B6QZ6JYV?tag=trueessent001-20,kinter-cable-100ft-12-gauge-audio-stereo-speaker-wire,,9/19/2025 10:41am
Clear Plexiglass Cast Sheet 1/4&#34; x 24&#34; x 24&#34;...,Experience the quality and reliability of this premium 24&#34;. Carefully designed with attention to detail and built to meet high standards. Popular among customers for its excellent value and dependable performance. Perfect for those seeking a trustworthy solution that delivers on its promises. See why customers recommend this choice!,https://m.media-amazon.com/images/I/51hJ7xmsIOL._SL1500_.jpg,https://www.amazon.com/dp/B084YZZN98?tag=trueessent001-20,clear-plexiglass-cast-sheet-1434-x-2434-x-2434,Automotive,9/19/2025 12:52pm
Salon Care 40 Volume Clear Developer 32 Oz,"Tired of lackluster hair results? Meet Salon Care's 40 Volume Clear Developer! This powerhouse maximizes lightening without the color mess, giving you the vibrant hair you desire. Use it as a bleach booster for that extra lift you crave, all thanks to its stabilized formula. Say goodbye to dull hair days with this clear developer's very strong lightening action. Whether you're aiming for a bold new look or subtle highlights, this formula has got you covered. Choose Salon Care for salon-quality results right at home. Elevate your hair game today!",https://m.media-amazon.com/images/I/31pg3c+FFSL.jpg,https://www.amazon.com/dp/B004OKA0EI?tag=trueessent001-20,salon-care-40-volume-clear-developer-32-oz,Automotive,9/22/2025 10:14am
"2 Pack Automatic Center Punch, 5 inch Heavy Duty Steel...",Experience the quality and reliability of this premium steel. Carefully designed with attention to detail and built to meet high standards. Popular among customers for its excellent value and dependable performance. Perfect for those seeking a trustworthy solution that delivers on its promises. See why customers recommend this choice!,https://m.media-amazon.com/images/I/218wZM8knvL.jpg,https://www.amazon.com/dp/B09QHNMK1S?tag=trueessent001-20,2-pack-automatic-center-punch-5-inch-heavy-duty-steel,Automotive,9/23/2025 11:17am
"LUMAX Black LX-1300 Lever Bucket 5 Gallon Pails. Smooth,...","Experience the quality and reliability of this premium smooth,. Carefully designed with attention to detail and built to meet high standards. Popular among customers for its excellent value and dependable performance. Perfect for those seeking a trustworthy solution that delivers on its promises. See why customers recommend this choice!",https://m.media-amazon.com/images/I/21d6ZD0QNCL.jpg,https://www.amazon.com/dp/B000MCXOPO?tag=trueessent001-20,lumax-black-lx-1300-lever-bucket-5-gallon-pails-smooth,Automotive,9/23/2025 1:44pm
4 Pack 6&#34; x 6&#34; x 3&#34; PVC Plastic Dustproof...,Experience the quality and reliability of this premium dustproof. Carefully designed with attention to detail and built to meet high standards. Popular among customers for its excellent value and dependable performance. Perfect for those seeking a trustworthy solution that delivers on its promises. See why customers recommend this choice!,https://m.media-amazon.com/images/I/21ju3WOKmTL.jpg,https://www.amazon.com/dp/B0DHCM2DZD?tag=trueessent001-20,4-pack-634-x-634-x-334-pvc-plastic-dustproof,Automotive,9/26/2025 12:21pm
12x15Ft Waterproof Canvas Tarp Black，Heavy Duty...,Experience the quality and reliability of this premium duty. Carefully designed with attention to detail and built to meet high standards. Popular among customers for its excellent value and dependable performance. Perfect for those seeking a trustworthy solution that delivers on its promises. See why customers recommend this choice!,https://m.media-amazon.com/images/I/218wZM8knvL.jpg,https://www.amazon.com/dp/B0C2W1SJ7W?tag=trueessent001-20,12x15ft-waterproof-canvas-tarp-blackheavy-duty,,9/26/2025 12:26pm
Viaky 6 Pack Electrical Tape Each Roll 0.6&#34; x 50&#39;...,Experience the quality and reliability of this premium 50&#39;. Carefully designed with attention to detail and built to meet high standards. Popular among customers for its excellent value and dependable performance. Perfect for those seeking a trustworthy solution that delivers on its promises. See why customers recommend this choice!,https://m.media-amazon.com/images/I/21ju3WOKmTL.jpg,https://www.amazon.com/dp/B088M4NWWB?tag=trueessent001-20,viaky-6-pack-electrical-tape-each-roll-0634-x-5039,,9/26/2025 1:01pm
"Amazon Basics Vinyl Electrical Adhesive Tape, High Temp...",Experience the quality and reliability of this premium temp. Carefully designed with attention to detail and built to meet high standards. Popular among customers for its excellent value and dependable performance. Perfect for those seeking a trustworthy solution that delivers on its promises. See why customers recommend this choice!,https://m.media-amazon.com/images/I/419ytPYTqFL.jpg,https://www.amazon.com/dp/B08B4GVVQJ?tag=trueessent001-20,amazon-basics-vinyl-electrical-adhesive-tape-high-temp,,9/26/2025 1:08pm
"Gorilla Tape, Mini Duct Tape To-Go, 1&#34; x 10 yd Travel...",Experience the quality and reliability of this premium travel. Carefully designed with attention to detail and built to meet high standards. Popular among customers for its excellent value and dependable performance. Perfect for those seeking a trustworthy solution that delivers on its promises. See why customers recommend this choice!,https://m.media-amazon.com/images/I/51d7YGEPHTL.jpg,https://www.amazon.com/dp/B01M9GPLMR?tag=trueessent001-20,gorilla-tape-mini-duct-tape-to-go-134-x-10-yd-travel,Automotive,9/26/2025 1:08pm
"Lockport 5 Pack Duct Tape Heavy Duty Waterproof, Strong...",Experience the quality and reliability of this premium strong. Carefully designed with attention to detail and built to meet high standards. Popular among customers for its excellent value and dependable performance. Perfect for those seeking a trustworthy solution that delivers on its promises. See why customers recommend this choice!,https://m.media-amazon.com/images/I/21ju3WOKmTL.jpg,https://www.amazon.com/dp/B078M5N8CH?tag=trueessent001-20,lockport-5-pack-duct-tape-heavy-duty-waterproof-strong,,9/26/2025 1:08pm
"BOMEI PACK Brown Packing Tape with Dispenser, 2.4 Mil...","Tired of flimsy tapes that don't hold up? Meet BOMEI PACK Brown Packing Tape. Say goodbye to weak seals with its heavy-duty 2.4mil thickness and strong adhesive. No more fumbling for a dispenser – each pack comes with a FREE one, saving you time and money. From shipping to moving, this 1.88inch tape is a versatile lifesaver for home, office, or depot use. With a total of 360yds across 6 rolls, you're all set for any task. Trust BOMEI for secure packaging that withstands the toughest jobs. Choose convenience, durability, and value – grab your pack now!",https://m.media-amazon.com/images/I/41Q+aHyEMPL.jpg,https://www.amazon.com/dp/B0B79TD6N7?tag=trueessent001-20,bomei-pack-brown-packing-tape-with-dispenser-24-mil,,9/26/2025 1:09pm
"Heavy Duty Packing Tape 6 Rolls, Total 360Y, Clear, 2.7...",Experience the quality and reliability of this premium 2.7. Carefully designed with attention to detail and built to meet high standards. Popular among customers for its excellent value and dependable performance. Perfect for those seeking a trustworthy solution that delivers on its promises. See why customers recommend this choice!,https://m.media-amazon.com/images/I/312fHM6szfL.jpg,https://www.amazon.com/dp/B07GGTVJSS?tag=trueessent001-20,heavy-duty-packing-tape-6-rolls-total-360y-clear-27,Automotive,9/26/2025 1:09pm
Zip Ties Assorted Sizes 700 Pack 4+6+8+10+12 Inch Cable...,Experience the quality and reliability of this premium cable. Carefully designed with attention to detail and built to meet high standards. Popular among customers for its excellent value and dependable performance. Perfect for those seeking a trustworthy solution that delivers on its promises. See why customers recommend this choice!,https://m.media-amazon.com/images/I/51hhe5T-RPL.jpg,https://www.amazon.com/dp/B08TBM621K?tag=trueessent001-20,zip-ties-assorted-sizes-700-pack-4681012-inch-cable,,9/26/2025 1:10pm
Jackson Palmer 2251 Piece Hardware Assortment Kit with...,Experience the quality and reliability of this premium kit. Carefully designed with attention to detail and built to meet high standards. Popular among customers for its excellent value and dependable performance. Perfect for those seeking a trustworthy solution that delivers on its promises. See why customers recommend this choice!,https://m.media-amazon.com/images/I/21ju3WOKmTL.jpg,https://www.amazon.com/dp/B076CVQZWG?tag=trueessent001-20,jackson-palmer-2251-piece-hardware-assortment-kit-with,,9/26/2025 1:10pm
"MCIGICM 127pcs Heat Shrink Tubing 2:1, Electrical Wire...",Experience the quality and reliability of this premium wire. Carefully designed with attention to detail and built to meet high standards. Popular among customers for its excellent value and dependable performance. Perfect for those seeking a trustworthy solution that delivers on its promises. See why customers recommend this choice!,https://m.media-amazon.com/images/I/41OUEGWKwfL.jpg,https://www.amazon.com/dp/B07PLHG6FY?tag=trueessent001-20,mcigicm-127pcs-heat-shrink-tubing-21-electrical-wire,,9/26/2025 1:10pm
Glarks 200Pcs Zinc Plated Extension and Compression...,Experience the quality and reliability of this premium compression. Carefully designed with attention to detail and built to meet high standards. Popular among customers for its excellent value and dependable performance. Perfect for those seeking a trustworthy solution that delivers on its promises. See why customers recommend this choice!,https://m.media-amazon.com/images/I/21ju3WOKmTL.jpg,https://www.amazon.com/dp/B076XKY3JM?tag=trueessent001-20,glarks-200pcs-zinc-plated-extension-and-compression,,9/26/2025 1:11pm
Copper Foil Tape 1&#34; x 65ft Conductive Metal Foil...,Experience the quality and reliability of this premium foil. Carefully designed with attention to detail and built to meet high standards. Popular among customers for its excellent value and dependable performance. Perfect for those seeking a trustworthy solution that delivers on its promises. See why customers recommend this choice!,https://m.media-amazon.com/images/I/31+LpwLRk2L.jpg,https://www.amazon.com/dp/B0D1XQ8MS7?tag=trueessent001-20,copper-foil-tape-134-x-65ft-conductive-metal-foil,Automotive,9/26/2025 1:12pm
DERNORD PVC Tubing 5/16&#34;ID X 7/16&#34;OD Flexible...,Experience the quality and reliability of this premium flexible. Carefully designed with attention to detail and built to meet high standards. Popular among customers for its excellent value and dependable performance. Perfect for those seeking a trustworthy solution that delivers on its promises. See why customers recommend this choice!,https://m.media-amazon.com/images/I/41-qjltx00L.jpg,https://www.amazon.com/dp/B0991XKSG6?tag=trueessent001-20,dernord-pvc-tubing-51634id-x-71634od-flexible,Automotive,9/26/2025 1:12pm
"6 Pack 5052 Aluminum Sheet, 12&#34; x 12&#34; x 1/64&#34;...",Experience the quality and reliability of this premium 1/64&#34;. Carefully designed with attention to detail and built to meet high standards. Popular among customers for its excellent value and dependable performance. Perfect for those seeking a trustworthy solution that delivers on its promises. See why customers recommend this choice!,https://m.media-amazon.com/images/I/21ju3WOKmTL.jpg,https://www.amazon.com/dp/B0D3HSPTF7?tag=trueessent001-20,6-pack-5052-aluminum-sheet-1234-x-1234-x-16434,Automotive,9/26/2025 1:13pm
DECOHS 4 Pcs Pick and Pluck Foam Insert - 12 x 12 x 2...,Experience the quality and reliability of this premium insert. Carefully designed with attention to detail and built to meet high standards. Popular among customers for its excellent value and dependable performance. Perfect for those seeking a trustworthy solution that delivers on its promises. See why customers recommend this choice!,https://m.media-amazon.com/images/I/31huSf25FML.jpg,https://www.amazon.com/dp/B0C3BYGT92?tag=trueessent001-20,decohs-4-pcs-pick-and-pluck-foam-insert---12-x-12-x-2,Automotive,9/26/2025 1:13pm
Monofilament Fishing Line | 2-1/4 lb Spools Value Pack -...,Experience the quality and reliability of this premium pack. Carefully designed with attention to detail and built to meet high standards. Popular among customers for its excellent value and dependable performance. Perfect for those seeking a trustworthy solution that delivers on its promises. See why customers recommend this choice!,https://m.media-amazon.com/images/I/11RNLXhvOXL.jpg,https://www.amazon.com/dp/B0CWJ18Q86?tag=trueessent001-20,monofilament-fishing-line--2-14-lb-spools-value-pack--,,9/26/2025 1:13pm
Reaction Tackle Braided Fishing Line - Pro Grade Power...,Experience the quality and reliability of this premium power. Carefully designed with attention to detail and built to meet high standards. Popular among customers for its excellent value and dependable performance. Perfect for those seeking a trustworthy solution that delivers on its promises. See why customers recommend this choice!,https://m.media-amazon.com/images/I/11RNLXhvOXL.jpg,https://www.amazon.com/dp/B01JVKUN7O?tag=trueessent001-20,reaction-tackle-braided-fishing-line---pro-grade-power,,9/26/2025 1:14pm
"Neiko 50457A Cotter Pin Assortment Kit, 150 Piece Zinc...",Experience the quality and reliability of this premium kit. Carefully designed with attention to detail and built to meet high standards. Popular among customers for its excellent value and dependable performance. Perfect for those seeking a trustworthy solution that delivers on its promises. See why customers recommend this choice!,https://m.media-amazon.com/images/I/419Ls72iPeL.jpg,https://www.amazon.com/dp/B075X4QTDY?tag=trueessent001-20,neiko-50457a-cotter-pin-assortment-kit-150-piece-zinc,Automotive,9/26/2025 1:14pm
600 Piece 6 Sizes Assorted Loose Bicycle Bearing Balls...,Experience the quality and reliability of this premium balls. Carefully designed with attention to detail and built to meet high standards. Popular among customers for its excellent value and dependable performance. Perfect for those seeking a trustworthy solution that delivers on its promises. See why customers recommend this choice!,https://m.media-amazon.com/images/I/51g4JV+PGYL.jpg,https://www.amazon.com/dp/B0953PZMS6?tag=trueessent001-20,600-piece-6-sizes-assorted-loose-bicycle-bearing-balls,Automotive,9/26/2025 1:15pm
Falling in Art 5 LB Plaster of Paris Powder - Hand Mold...,Experience the quality and reliability of this premium mold. Carefully designed with attention to detail and built to meet high standards. Popular among customers for its excellent value and dependable performance. Perfect for those seeking a trustworthy solution that delivers on its promises. See why customers recommend this choice!,https://m.media-amazon.com/images/I/41KPazpPNFL.jpg,https://www.amazon.com/dp/B077MD57S3?tag=trueessent001-20,falling-in-art-5-lb-plaster-of-paris-powder---hand-mold,,9/26/2025 1:16pm
Hacksaw Replacement Blades (10 Pack) High Speed 24 TPI -...,Experience the quality and reliability of this premium tpi. Carefully designed with attention to detail and built to meet high standards. Popular among customers for its excellent value and dependable performance. Perfect for those seeking a trustworthy solution that delivers on its promises. See why customers recommend this choice!,https://m.media-amazon.com/images/I/21ju3WOKmTL.jpg,https://www.amazon.com/dp/B07S313L1B?tag=trueessent001-20,hacksaw-replacement-blades-10-pack-high-speed-24-tpi--,,9/26/2025 1:17pm
Reynolds Wrap Aluminum Foil (200 Square Foot Roll),Experience the quality and reliability of this premium roll). Carefully designed with attention to detail and built to meet high standards. Popular among customers for its excellent value and dependable performance. Perfect for those seeking a trustworthy solution that delivers on its promises. See why customers recommend this choice!,https://m.media-amazon.com/images/I/41mxpD2Gc+L.jpg,https://www.amazon.com/dp/B0014D0T9E?tag=trueessent001-20,reynolds-wrap-aluminum-foil-200-square-foot-roll,Automotive,9/26/2025 1:17pm
"Gorilla Heavy Duty Spray Adhesive, Clear Glue, 14 Ounce...",Experience the quality and reliability of this premium ounce. Carefully designed with attention to detail and built to meet high standards. Popular among customers for its excellent value and dependable performance. Perfect for those seeking a trustworthy solution that delivers on its promises. See why customers recommend this choice!,https://m.media-amazon.com/images/I/41ti24tgRgL.jpg,https://www.amazon.com/dp/B0752XM8VN?tag=trueessent001-20,gorilla-heavy-duty-spray-adhesive-clear-glue-14-ounce,,9/26/2025 1:18pm
"36 Pack 12x12 Basswood Sheets 1/8 Inch, Unfinished Wood...",Experience the quality and reliability of this premium wood. Carefully designed with attention to detail and built to meet high standards. Popular among customers for its excellent value and dependable performance. Perfect for those seeking a trustworthy solution that delivers on its promises. See why customers recommend this choice!,https://via.placeholder.com/400x400/f8fafc/475569?text=Amazon%2BProduct,https://www.amazon.com/dp/B0CMTG1979?tag=trueessent001-20,36-pack-12x12-basswood-sheets-18-inch-unfinished-wood,Automotive,9/26/2025 1:18pm
"Victor M158-4 Metal Pedal Mouse Trap, 32 Traps",Experience the quality and reliability of this premium traps. Carefully designed with attention to detail and built to meet high standards. Popular among customers for its excellent value and dependable performance. Perfect for those seeking a trustworthy solution that delivers on its promises. See why customers recommend this choice!,https://m.media-amazon.com/images/I/11RNLXhvOXL.jpg,https://www.amazon.com/dp/B07H57FS1H?tag=trueessent001-20,victor-m158-4-metal-pedal-mouse-trap-32-traps,Automotive,9/26/2025 1:18pm
"DIYMAG Neodymium Round Base Cup Magnet,100LBS Strong Rare...",Experience the quality and reliability of this premium rare. Carefully designed with attention to detail and built to meet high standards. Popular among customers for its excellent value and dependable performance. Perfect for those seeking a trustworthy solution that delivers on its promises. See why customers recommend this choice!,https://m.media-amazon.com/images/I/41QJyQvEPEL.jpg,https://www.amazon.com/dp/B072K586ZW?tag=trueessent001-20,diymag-neodymium-round-base-cup-magnet100lbs-strong-rare,,9/26/2025 1:19pm
"Great Stuff 157911 Insulating Foam Sealant, 20 Ounce, Ivory",Experience the quality and reliability of this premium ivory. Carefully designed with attention to detail and built to meet high standards. Popular among customers for its excellent value and dependable performance. Perfect for those seeking a trustworthy solution that delivers on its promises. See why customers recommend this choice!,https://m.media-amazon.com/images/I/41vli2if6jL.jpg,https://www.amazon.com/dp/B0002YX98O?tag=trueessent001-20,great-stuff-157911-insulating-foam-sealant-20-ounce-ivory,Automotive,9/26/2025 1:19pm
"Krylon K04291000 Camouflage Spray Paint, Ultra Flat,...","Experience the quality and reliability of this premium flat,. Carefully designed with attention to detail and built to meet high standards. Popular among customers for its excellent value and dependable performance. Perfect for those seeking a trustworthy solution that delivers on its promises. See why customers recommend this choice!",https://m.media-amazon.com/images/I/31ljmKXOFZL.jpg,https://www.amazon.com/dp/B000KKOMVS?tag=trueessent001-20,krylon-k04291000-camouflage-spray-paint-ultra-flat,,9/26/2025 1:20pm
"ARRIS 4PCS 6mm x 8mm x 330mm Carbon Fiber Tubes, Matte...",Experience the quality and reliability of this premium matte. Carefully designed with attention to detail and built to meet high standards. Popular among customers for its excellent value and dependable performance. Perfect for those seeking a trustworthy solution that delivers on its promises. See why customers recommend this choice!,https://m.media-amazon.com/images/I/41qSV5Pp-sL.jpg,https://www.amazon.com/dp/B0BG59Y139?tag=trueessent001-20,arris-4pcs-6mm-x-8mm-x-330mm-carbon-fiber-tubes-matte,Automotive,9/26/2025 1:20pm
"Super Softstrand, Vinyl-Coated Stranded Stainless Steel...",Experience the quality and reliability of this premium steel. Carefully designed with attention to detail and built to meet high standards. Popular among customers for its excellent value and dependable performance. Perfect for those seeking a trustworthy solution that delivers on its promises. See why customers recommend this choice!,https://m.media-amazon.com/images/I/51qSSiUV8AL.jpg,https://www.amazon.com/dp/B00504PJZC?tag=trueessent001-20,super-softstrand-vinyl-coated-stranded-stainless-steel,Automotive,9/26/2025 1:20pm
Bob Smith Industries BSI-201 Quik-Cure Epoxy (4.5 oz....,"Tired of waiting forever for epoxy to set? Say hello to Bob Smith Industries BSI-201 Quik-Cure Epoxy! Made in the USA, this gem gives you a speedy five-minute working time and parts are ready to handle in just ten minutes. Plus, they proudly support the Wounded Warrior Project. Imagine fixing that broken vase or DIY project in a flash, without the long wait. Opt for this reliable, quick-drying epoxy over alternatives for efficiency and immediate results. Don't waste time on slow-setting adhesives; choose Bob Smith Industries for quality and speed. Try it today and experience the difference!",https://m.media-amazon.com/images/I/51W7rxQNkeL.jpg,https://www.amazon.com/dp/B0166FFFD4?tag=trueessent001-20,bob-smith-industries-bsi-201-quik-cure-epoxy-45-oz,,9/26/2025 1:21pm
"Saran Cling Plus Clear Plastic Wrap, Food Storage, Easy...",Experience the quality and reliability of this premium easy. Carefully designed with attention to detail and built to meet high standards. Popular among customers for its excellent value and dependable performance. Perfect for those seeking a trustworthy solution that delivers on its promises. See why customers recommend this choice!,https://m.media-amazon.com/images/I/41FXAyd-VCL.jpg,https://www.amazon.com/dp/B0000DIWNZ?tag=trueessent001-20,saran-cling-plus-clear-plastic-wrap-food-storage-easy,,9/26/2025 1:21pm
"Grease Proof Basket Liner Deli Sheets (White,...","Experience the quality and reliability of this premium (white,. Carefully designed with attention to detail and built to meet high standards. Popular among customers for its excellent value and dependable performance. Perfect for those seeking a trustworthy solution that delivers on its promises. See why customers recommend this choice!",https://m.media-amazon.com/images/I/218wZM8knvL.jpg,https://www.amazon.com/dp/B0CKCM2NQG?tag=trueessent001-20,grease-proof-basket-liner-deli-sheets-white,Automotive,9/26/2025 1:22pm
Southwire Coleman Cable Lamp Cord - 16/2 Gauge - Flexible...,"Upgrade your lighting with this energy-efficient LED solution. Provides bright, consistent illumination while reducing energy costs. Easy to install and built to last, offering reliable performance for years. Perfect for enhancing ambiance, improving visibility, or replacing outdated lighting fixtures.",https://m.media-amazon.com/images/I/41j73zIbDnL.jpg,https://www.amazon.com/dp/B001OOMN5Q?tag=trueessent001-20,southwire-coleman-cable-lamp-cord---162-gauge---flexible,,9/26/2025 1:26pm
Fermerry 18 AWG Stranded Wire Spool 25ft Each 6 Colors...,"Tired of wrestling with stiff wires that refuse to cooperate? Say hello to Fermerry's 18 AWG Stranded Wire Spool! This 25ft rainbow of 6 colors makes DIY projects a breeze. No more struggling with unruly wires – enjoy easy handling, effortless stripping, and flawless crimping. Whether you're fixing a lamp or crafting a circuit, this wire is your trusty sidekick. Why settle for tangled messes when you can have precision and ease at your fingertips? Upgrade to Fermerry for a seamless experience every time. Grab your spool now and say goodbye to wire woes!",https://m.media-amazon.com/images/I/51s5k1uShyL.jpg,https://www.amazon.com/dp/B089CW7YSR?tag=trueessent001-20,fermerry-18-awg-stranded-wire-spool-25ft-each-6-colors,,9/26/2025 1:26pm
"200pcs Heat Shrink Butt Connector, Waterproof Crimp...",Experience the quality and reliability of this premium crimp. Carefully designed with attention to detail and built to meet high standards. Popular among customers for its excellent value and dependable performance. Perfect for those seeking a trustworthy solution that delivers on its promises. See why customers recommend this choice!,https://m.media-amazon.com/images/I/51ahUJ7Qs2L.jpg,https://www.amazon.com/dp/B0BNXRSMB5?tag=trueessent001-20,200pcs-heat-shrink-butt-connector-waterproof-crimp,,9/26/2025 1:30pm
"1.2&#34; x 1.2&#34; Circuit Board, 24 Pcs Circuit Boards...",Experience the quality and reliability of this premium boards. Carefully designed with attention to detail and built to meet high standards. Popular among customers for its excellent value and dependable performance. Perfect for those seeking a trustworthy solution that delivers on its promises. See why customers recommend this choice!,https://m.media-amazon.com/images/I/21ju3WOKmTL.jpg,https://www.amazon.com/dp/B0F1TW9WK1?tag=trueessent001-20,1234-x-1234-circuit-board-24-pcs-circuit-boards,Automotive,9/26/2025 1:44pm
8pcs 9V Battery Holder 9V Battery Holder with Switch 9V...,Experience the quality and reliability of this premium holder. Carefully designed with attention to detail and built to meet high standards. Popular among customers for its excellent value and dependable performance. Perfect for those seeking a trustworthy solution that delivers on its promises. See why customers recommend this choice!,https://m.media-amazon.com/images/I/21JtFcapCjL.jpg,https://www.amazon.com/dp/B09NPS7RNQ?tag=trueessent001-20,8pcs-9v-battery-holder-9v-battery-holder-with-switch-9v,Automotive,9/26/2025 1:44pm
"(Pack of 10) AAA Battery Holder, 2 x1.5V AAA Battery...",Experience the quality and reliability of this premium holder. Carefully designed with attention to detail and built to meet high standards. Popular among customers for its excellent value and dependable performance. Perfect for those seeking a trustworthy solution that delivers on its promises. See why customers recommend this choice!,https://m.media-amazon.com/images/I/41sL-A-D9iL.jpg,https://www.amazon.com/dp/B0D1DPLZ77?tag=trueessent001-20,pack-of-10-aaa-battery-holder-2-x15v-aaa-battery,Automotive,9/26/2025 1:46pm
Project Box IP65 Waterproof Junction Box ABS Plastic...,Experience the quality and reliability of this premium plastic. Carefully designed with attention to detail and built to meet high standards. Popular among customers for its excellent value and dependable performance. Perfect for those seeking a trustworthy solution that delivers on its promises. See why customers recommend this choice!,https://via.placeholder.com/400x400/f8fafc/475569?text=Amazon%2BProduct,https://www.amazon.com/dp/B09B6RB6MR?tag=trueessent001-20,project-box-ip65-waterproof-junction-box-abs-plastic,,9/30/2025 11:55am
Project Box IP65 Waterproof Junction Box ABS Plastic...,Experience the quality and reliability of this premium plastic. Carefully designed with attention to detail and built to meet high standards. Popular among customers for its excellent value and dependable performance. Perfect for those seeking a trustworthy solution that delivers on its promises. See why customers recommend this choice!,https://m.media-amazon.com/images/I/21-MKy3wJaL.jpg,https://www.amazon.com/dp/B09B6RB6MR?tag=trueessent001-20,project-box-ip65-waterproof-junction-box-abs-plastic,,9/30/2025 11:55am
Princeton Tec Charge X Tactical Helmet Light Olive Drab-...,"Upgrade your lighting with this energy-efficient LED solution. Provides bright, consistent illumination while reducing energy costs. Easy to install and built to last, offering reliable performance for years. Perfect for enhancing ambiance, improving visibility, or replacing outdated lighting fixtures.",https://m.media-amazon.com/images/I/21JtFcapCjL.jpg,https://www.amazon.com/dp/B0CL9Z854C?tag=trueessent001-20,princeton-tec-charge-x-tactical-helmet-light-olive-drab-,,9/30/2025 12:30pm
The Original Fat Ivan Fold Up Doorstop Wedge with Magnet...,Experience the quality and reliability of this premium magnet. Carefully designed with attention to detail and built to meet high standards. Popular among customers for its excellent value and dependable performance. Perfect for those seeking a trustworthy solution that delivers on its promises. See why customers recommend this choice!,https://m.media-amazon.com/images/I/21nwK7hdpdL.jpg,https://www.amazon.com/dp/B079VFNNN3?tag=trueessent001-20,the-original-fat-ivan-fold-up-doorstop-wedge-with-magnet,Automotive,9/30/2025 12:32pm
Rip Shears Trauma Ripper Version,Experience the quality and reliability of this premium version. Carefully designed with attention to detail and built to meet high standards. Popular among customers for its excellent value and dependable performance. Perfect for those seeking a trustworthy solution that delivers on its promises. See why customers recommend this choice!,https://via.placeholder.com/400x400/f8fafc/475569?text=Amazon%2BProduct,https://www.amazon.com/dp/B0093BZ7BE?tag=trueessent001-20,rip-shears-trauma-ripper-version,Automotive,10/2/2025 10:27am
Bushnell Compensation Magnification Towel Bundle,Experience the quality and reliability of this premium bundle. Carefully designed with attention to detail and built to meet high standards. Popular among customers for its excellent value and dependable performance. Perfect for those seeking a trustworthy solution that delivers on its promises. See why customers recommend this choice!,https://via.placeholder.com/400x400/f8fafc/475569?text=Amazon%2BProduct,https://www.amazon.com/dp/B0F412X8DP?tag=trueessent001-20,bushnell-compensation-magnification-towel-bundle,Automotive,10/2/2025 12:01pm
Bushnell Golf A1 Slope Laser Rangefinder,Experience the quality and reliability of this premium rangefinder. Carefully designed with attention to detail and built to meet high standards. Popular among customers for its excellent value and dependable performance. Perfect for those seeking a trustworthy solution that delivers on its promises. See why customers recommend this choice!,https://m.media-amazon.com/images/I/21JShfAn3qL.jpg,https://www.amazon.com/dp/B0DWNJM337?tag=trueessent001-20,bushnell-golf-a1-slope-laser-rangefinder,,10/2/2025 12:01pm
Taylor Precision Products Digital Kitchen,"Elevate your cooking experience with this premium kitchen essential. Designed for both amateur cooks and professional chefs, it combines functionality with durability. Features quality materials and thoughtful design elements that make meal preparation easier and more enjoyable. A must-have addition to any well-equipped kitchen.",https://via.placeholder.com/400x400/f8fafc/475569?text=Kitchen%2BTools,https://www.amazon.com/dp/B001G97FLQ?tag=trueessent001-20,taylor-precision-products-digital-kitchen,,10/2/2025 1:04pm
Dual Passive Infrared Motion Detector,Experience the quality and reliability of this premium detector. Carefully designed with attention to detail and built to meet high standards. Popular among customers for its excellent value and dependable performance. Perfect for those seeking a trustworthy solution that delivers on its promises. See why customers recommend this choice!,https://via.placeholder.com/400x400/f8fafc/475569?text=Amazon%2BProduct,https://www.amazon.com/dp/B07RQCLB2Z?tag=trueessent001-20,dual-passive-infrared-motion-detector,Automotive,10/2/2025 1:07pm
Sensky Occupancy Kitchen Lighting Black Without,"Elevate your cooking experience with this premium kitchen essential. Designed for both amateur cooks and professional chefs, it combines functionality with durability. Features quality materials and thoughtful design elements that make meal preparation easier and more enjoyable. A must-have addition to any well-equipped kitchen.",https://via.placeholder.com/400x400/f8fafc/475569?text=Kitchen%2BTools,https://www.amazon.com/dp/B0BJZHVG1F?tag=trueessent001-20,sensky-occupancy-kitchen-lighting-black-without,,10/2/2025 1:08pm
QMseller Recessed Security Contacts Magnetic,"Protect what matters most with this advanced security solution. Features cutting-edge technology for reliable monitoring and peace of mind. Easy to set up and integrate with existing systems. Whether for home or business use, this device provides the security features you need to stay protected.",https://via.placeholder.com/400x400/f8fafc/475569?text=Security,https://www.amazon.com/dp/B07VQ1DY6T?tag=trueessent001-20,qmseller-recessed-security-contacts-magnetic,,10/2/2025 1:09pm
Quality Product,Experience the quality and reliability of this premium product. Carefully designed with attention to detail and built to meet high standards. Popular among customers for its excellent value and dependable performance. Perfect for those seeking a trustworthy solution that delivers on its promises. See why customers recommend this choice!,https://via.placeholder.com/400x400/f8fafc/475569?text=Amazon%2BProduct,https://www.amazon.com/dp/B01D8KOZF4?tag=trueessent001-20,quality-product,Automotive,10/2/2025 1:11pm
Quality Product,Experience the quality and reliability of this premium product. Carefully designed with attention to detail and built to meet high standards. Popular among customers for its excellent value and dependable performance. Perfect for those seeking a trustworthy solution that delivers on its promises. See why customers recommend this choice!,https://via.placeholder.com/400x400/f8fafc/475569?text=Amazon%2BProduct,https://www.amazon.com/dp/B0BHCLHNKR?tag=trueessent001-20,quality-product,Automotive,10/2/2025 1:13pm
Quality Product,Experience the quality and reliability of this premium product. Carefully designed with attention to detail and built to meet high standards. Popular among customers for its excellent value and dependable performance. Perfect for those seeking a trustworthy solution that delivers on its promises. See why customers recommend this choice!,https://via.placeholder.com/400x400/f8fafc/475569?text=Amazon%2BProduct,https://www.amazon.com/dp/B0CGTXMLKL?tag=trueessent001-20,quality-product,Automotive,10/2/2025 1:13pm
"Tracfone, TCL FLIP 3, 16GB, Prepaid Smartphone, Stone...",Experience the quality and reliability of this premium stone. Carefully designed with attention to detail and built to meet high standards. Popular among customers for its excellent value and dependable performance. Perfect for those seeking a trustworthy solution that delivers on its promises. See why customers recommend this choice!,https://via.placeholder.com/400x400/f8fafc/475569?text=Amazon%2BProduct,https://www.amazon.com/dp/B0DFHRH11D?tag=trueessent001-20,tracfone-tcl-flip-3-16gb-prepaid-smartphone-stone,,10/2/2025 1:14pm
Quality Product,"Tired of [specific problem]? Quality Product is here to save the day! Whether you're [describe typical use], this versatile solution offers convenience and reliability. Say goodbye to [common frustration] and hello to [benefit]. Customers rave about how this product [specific benefit] compared to other options. Don't settle for less when you can have the best. Choose Quality Product for a [positive experience/benefit]. Ready to upgrade your [specific area]? Click ""Add to Cart"" now and make your life easier!",https://via.placeholder.com/400x400/f8fafc/475569?text=Amazon%2BProduct,https://www.amazon.com/dp/B0D1VF7ZYM?tag=trueessent001-20,quality-product,Automotive,10/2/2025 1:15pm
Liyafy 5 Pcs Right Angle White Plastic PP Float Switch...,Experience the quality and reliability of this premium switch. Carefully designed with attention to detail and built to meet high standards. Popular among customers for its excellent value and dependable performance. Perfect for those seeking a trustworthy solution that delivers on its promises. See why customers recommend this choice!,https://m.media-amazon.com/images/I/21tQddkn6VL.jpg,https://www.amazon.com/dp/B07Q1GJ7JL?tag=trueessent001-20,liyafy-5-pcs-right-angle-white-plastic-pp-float-switch,Automotive,10/2/2025 1:15pm
Quality Product,"Tired of [specific problem]? Say hello to a game-changer – our Quality Product! Enjoy [specific benefits], making your daily life a breeze. Whether you’re [typical use], or [another typical use], this product has got you covered. Why settle for less when you can have [specific benefit]? Customers rave about how it [positive experience], making it a clear winner over alternatives. Don't miss out on the convenience and [another benefit] this product offers. Upgrade your [specific activity] with our Quality Product today!

Ready to simplify your life? Click ""Add to Cart"" now!",https://via.placeholder.com/400x400/f8fafc/475569?text=Amazon%2BProduct,https://www.amazon.com/dp/B09SHV2BG5?tag=trueessent001-20,quality-product,Automotive,10/2/2025 1:15pm
"SECRUI Wireless Doorbell, Easy installation, Waterproof,...","Tired of missing deliveries or visitors because you couldn't hear the doorbell? Say hello to the SECRUI Wireless Doorbell! 🚪🔔 Easy to install and completely waterproof, this doorbell ensures you never miss a beat. Picture this: You're in the garden, and the bell rings. With its long-range and multiple chime options, you're always connected. No more rushing to the door or straining to hear. Plus, its sleek design complements any home decor. Choose convenience and peace of mind over outdated doorbells. Upgrade to SECRUI today! Click ""Add to Cart"" and welcome seamless doorbell experiences.",https://via.placeholder.com/400x400/f8fafc/475569?text=Amazon%2BProduct,https://www.amazon.com/dp/B07M68S376?tag=trueessent001-20,secrui-wireless-doorbell-easy-installation-waterproof,,10/2/2025 1:16pm
Quality Product,Experience the quality and reliability of this premium product. Carefully designed with attention to detail and built to meet high standards. Popular among customers for its excellent value and dependable performance. Perfect for those seeking a trustworthy solution that delivers on its promises. See why customers recommend this choice!,https://via.placeholder.com/400x400/f8fafc/475569?text=Amazon%2BProduct,https://www.amazon.com/dp/B0CWLJSSSX?tag=trueessent001-20,quality-product,Automotive,10/2/2025 1:16pm
Quality Product,Experience the quality and reliability of this premium product. Carefully designed with attention to detail and built to meet high standards. Popular among customers for its excellent value and dependable performance. Perfect for those seeking a trustworthy solution that delivers on its promises. See why customers recommend this choice!,https://via.placeholder.com/400x400/f8fafc/475569?text=Amazon%2BProduct,https://www.amazon.com/dp/B093F89S9B?tag=trueessent001-20,quality-product,Automotive,10/2/2025 1:18pm
Quality Product,Experience the quality and reliability of this premium product. Carefully designed with attention to detail and built to meet high standards. Popular among customers for its excellent value and dependable performance. Perfect for those seeking a trustworthy solution that delivers on its promises. See why customers recommend this choice!,https://via.placeholder.com/400x400/f8fafc/475569?text=Amazon%2BProduct,https://www.amazon.com/dp/B0BNXVYM3P?tag=trueessent001-20,quality-product,Automotive,10/2/2025 1:19pm
Trail maker Classic 17 Inch Backpack with Adjustable...,"Tired of bulky, complicated backpacks? Meet the Trail maker Classic 17 Inch Backpack – your stylish solution to carrying essentials effortlessly. With its durable polyester construction and roomy 17” design, this bag is a throwback to simplicity and practicality. Say goodbye to frills and hello to easy organization with its spacious compartments. Perfect for school, work, or travel, this backpack's classic style never goes out of fashion. Upgrade to timeless design and reliability – choose Trail maker. Your shoulders will thank you! Ready to lighten your load? Click ‘Add to Cart’ now!",https://via.placeholder.com/400x400/f8fafc/475569?text=Amazon%2BProduct,https://www.amazon.com/dp/B077TBS3TK?tag=trueessent001-20,trail-maker-classic-17-inch-backpack-with-adjustable,,10/2/2025 1:19pm
Quality Product,Experience the quality and reliability of this premium product. Carefully designed with attention to detail and built to meet high standards. Popular among customers for its excellent value and dependable performance. Perfect for those seeking a trustworthy solution that delivers on its promises. See why customers recommend this choice!,https://via.placeholder.com/400x400/f8fafc/475569?text=Amazon%2BProduct,https://www.amazon.com/dp/B0BLL5YS7G?tag=trueessent001-20,quality-product,Automotive,10/2/2025 1:19pm
50 Strong Sports Water Bottles – Reusable 22 oz BPA-Free...,Experience the quality and reliability of this premium bpa-free. Carefully designed with attention to detail and built to meet high standards. Popular among customers for its excellent value and dependable performance. Perfect for those seeking a trustworthy solution that delivers on its promises. See why customers recommend this choice!,https://m.media-amazon.com/images/I/21JShfAn3qL.jpg,https://www.amazon.com/dp/B07HKNKKXG?tag=trueessent001-20,50-strong-sports-water-bottles--reusable-22-oz-bpa-free,,10/2/2025 1:20pm
"6 Pack Quart Paint Cans with Lids, Made in The USA with...",Experience the quality and reliability of this premium with. Carefully designed with attention to detail and built to meet high standards. Popular among customers for its excellent value and dependable performance. Perfect for those seeking a trustworthy solution that delivers on its promises. See why customers recommend this choice!,https://m.media-amazon.com/images/I/21zVQkqEC1L.jpg,https://www.amazon.com/dp/B0D9V16S75?tag=trueessent001-20,6-pack-quart-paint-cans-with-lids-made-in-the-usa-with,,10/2/2025 1:20pm
"Eveready 6V Battery, Super Heavy Duty 6 Volt Battery, 1...","Experience the quality and reliability of this premium battery,. Carefully designed with attention to detail and built to meet high standards. Popular among customers for its excellent value and dependable performance. Perfect for those seeking a trustworthy solution that delivers on its promises. See why customers recommend this choice!",https://m.media-amazon.com/images/I/51Y6aWwGigL.jpg,https://www.amazon.com/dp/B0D14ZMXZJ?tag=trueessent001-20,eveready-6v-battery-super-heavy-duty-6-volt-battery-1,Automotive,10/2/2025 1:26pm
Quality Product,Experience the quality and reliability of this premium product. Carefully designed with attention to detail and built to meet high standards. Popular among customers for its excellent value and dependable performance. Perfect for those seeking a trustworthy solution that delivers on its promises. See why customers recommend this choice!,https://m.media-amazon.com/images/I/31RTo3TqLvL.jpg,https://www.amazon.com/dp/B00GNLVH70?tag=trueessent001-20,quality-product,Automotive,10/2/2025 1:26pm
Quality Product,"Tired of dealing with [specific problem this product solves]? Say hello to our Quality Product! Designed to [describe how it solves the problem], this must-have [product type] will revolutionize your everyday life. Imagine [benefit customers will experience]. Unlike alternatives, our Quality Product offers [unique selling point]. Don't settle for less when you can have the best – upgrade to Quality Product today! Join countless satisfied customers who have already transformed their [specific activity or area of life]. Ready to make a change? Click ""Add to Cart"" now!",https://via.placeholder.com/400x400/f8fafc/475569?text=Amazon%2BProduct,https://www.amazon.com/dp/B00504PJZC?tag=trueessent001-20,quality-product,Automotive,10/2/2025 1:35pm
"20 Packs Plastic Syringe with Measurement, Suitable for...",Experience the quality and reliability of this premium for. Carefully designed with attention to detail and built to meet high standards. Popular among customers for its excellent value and dependable performance. Perfect for those seeking a trustworthy solution that delivers on its promises. See why customers recommend this choice!,https://via.placeholder.com/400x400/f8fafc/475569?text=Amazon%2BProduct,https://www.amazon.com/dp/B07PJ6B1WF?tag=trueessent001-20,20-packs-plastic-syringe-with-measurement-suitable-for,,10/2/2025 1:43pm
"100 Pack Wooden Clothespins 2.9 Inch, Heavy-Duty Wood...",Experience the quality and reliability of this premium wood. Carefully designed with attention to detail and built to meet high standards. Popular among customers for its excellent value and dependable performance. Perfect for those seeking a trustworthy solution that delivers on its promises. See why customers recommend this choice!,https://via.placeholder.com/400x400/f8fafc/475569?text=Amazon%2BProduct,https://www.amazon.com/dp/B0FH6KN6L7?tag=trueessent001-20,100-pack-wooden-clothespins-29-inch-heavy-duty-wood,Automotive,10/2/2025 2:02pm
Quality Product,Experience the quality and reliability of this premium product. Carefully designed with attention to detail and built to meet high standards. Popular among customers for its excellent value and dependable performance. Perfect for those seeking a trustworthy solution that delivers on its promises. See why customers recommend this choice!,https://m.media-amazon.com/images/I/21tnVDcJa6L.jpg,https://www.amazon.com/dp/B000I1GR8K?tag=trueessent001-20,quality-product,Automotive,10/23/2025 3:48am
Tasmanian Tiger TT Modular Pack 30 (Coyote Brown),Experience the quality and reliability of this premium brown). Carefully designed with attention to detail and built to meet high standards. Popular among customers for its excellent value and dependable performance. Perfect for those seeking a trustworthy solution that delivers on its promises. See why customers recommend this choice!,https://via.placeholder.com/400x400/f8fafc/475569?text=Amazon%2BProduct,https://www.amazon.com/dp/B01MS66LCA?tag=trueessent001-20,tasmanian-tiger-tt-modular-pack-30-coyote-brown,Automotive,10/23/2025 4:03pm
Cool Hand 3.87&#39;&#39; Folding Knife with G10 Handle -...,Experience the quality and reliability of this premium handle. Carefully designed with attention to detail and built to meet high standards. Popular among customers for its excellent value and dependable performance. Perfect for those seeking a trustworthy solution that delivers on its promises. See why customers recommend this choice!,https://m.media-amazon.com/images/I/31B43aDdSxL.jpg,https://www.amazon.com/dp/B01KLBNAQS?tag=trueessent001-20,cool-hand-3873939-folding-knife-with-g10-handle--,,10/27/2025 10:40am
AmazonBasics Multipurpose Copy Printer Paper,Experience the quality and reliability of this premium paper. Carefully designed with attention to detail and built to meet high standards. Popular among customers for its excellent value and dependable performance. Perfect for those seeking a trustworthy solution that delivers on its promises. See why customers recommend this choice!,https://m.media-amazon.com/images/I/316hf+I31TL.jpg,https://www.amazon.com/dp/B01FV0F13E?tag=trueessent001-20,amazonbasics-multipurpose-copy-printer-paper,Automotive,11/3/2025 11:09am
"Pelican Luggage Tag, Holder for Apple AirTag - Scratch...",Experience the quality and reliability of this premium holder. Carefully designed with attention to detail and built to meet high standards. Popular among customers for its excellent value and dependable performance. Perfect for those seeking a trustworthy solution that delivers on its promises. See why customers recommend this choice!,https://m.media-amazon.com/images/I/41hA76eVHzL.jpg,https://www.amazon.com/dp/B0C9KRK9T5?tag=trueessent001-20,pelican-luggage-tag-holder-for-apple-airtag---scratch,Automotive,11/4/2025 11:11am
"4 Pack Butane Torch Lighter, Urgrette 6-inch Refillable...","Upgrade your lighting with this energy-efficient LED solution. Provides bright, consistent illumination while reducing energy costs. Easy to install and built to last, offering reliable performance for years. Perfect for enhancing ambiance, improving visibility, or replacing outdated lighting fixtures.",https://via.placeholder.com/400x400/f8fafc/475569?text=Amazon%2BProduct,https://www.amazon.com/dp/B0CNTGPYNX?tag=trueessent001-20,4-pack-butane-torch-lighter-urgrette-6-inch-refillable,,11/5/2025 11:14am
Cool Hand 5.2” Lightweight Carbon Fiber Folding Knife –...,"Upgrade your lighting with this energy-efficient LED solution. Provides bright, consistent illumination while reducing energy costs. Easy to install and built to last, offering reliable performance for years. Perfect for enhancing ambiance, improving visibility, or replacing outdated lighting fixtures.",https://via.placeholder.com/400x400/f8fafc/475569?text=Automotive,https://www.amazon.com/dp/B01J2XZKSC?tag=trueessent001-20,cool-hand-52-lightweight-carbon-fiber-folding-knife-,,11/7/2025 11:14am
HiLetgo 100pcs 5528 Light Dependent Resistor LDR 5MM...,"Upgrade your lighting with this energy-efficient LED solution. Provides bright, consistent illumination while reducing energy costs. Easy to install and built to last, offering reliable performance for years. Perfect for enhancing ambiance, improving visibility, or replacing outdated lighting fixtures.",https://m.media-amazon.com/images/I/41GzRDothzL.jpg,https://www.amazon.com/dp/B00N1ZJUN4?tag=trueessent001-20,hiletgo-100pcs-5528-light-dependent-resistor-ldr-5mm,,11/10/2025 11:57am
CeloxTM Rapid Ribbon,Experience the quality and reliability of this premium ribbon. Carefully designed with attention to detail and built to meet high standards. Popular among customers for its excellent value and dependable performance. Perfect for those seeking a trustworthy solution that delivers on its promises. See why customers recommend this choice!,https://m.media-amazon.com/images/I/41u6Ux8GHGL.jpg,https://www.amazon.com/dp/B00R6SLDH8?tag=trueessent001-20,celoxtm-rapid-ribbon,Automotive,11/10/2025 12:35pm
"3&#34; Heavy Duty Packing Tape, 12 Rolls, Clear, 3&#34;...","Tired of flimsy tape that peels off? Say hello to our 3"" Heavy Duty Packing Tape! With 12 rolls of strong, 2.2mil thickness tape, you'll breeze through packing. No more struggling with short rolls – each one is a generous 55 yards long! The high transparency lets you see what's sealed, ensuring no mix-ups. Plus, it's water-based acrylic, so no harmful formaldehyde. Fits like a glove in standard 3"" tape guns for easy, frustration-free sealing. Choose this tape over others for durability, clarity, and convenience. Upgrade your packing game now!",https://m.media-amazon.com/images/I/41BoTcWA5zL.jpg,https://www.amazon.com/dp/B0CW379XML?tag=trueessent001-20,334-heavy-duty-packing-tape-12-rolls-clear-334,Automotive,11/13/2025 9:32am
24 Rolls | 2.4 mil Clear | 110 Yards | 3&#34; Premium...,Experience the quality and reliability of this premium premium. Carefully designed with attention to detail and built to meet high standards. Popular among customers for its excellent value and dependable performance. Perfect for those seeking a trustworthy solution that delivers on its promises. See why customers recommend this choice!,https://m.media-amazon.com/images/I/41WSLJi0h6L.jpg,https://www.amazon.com/dp/B0DPVW83D6?tag=trueessent001-20,24-rolls--24-mil-clear--110-yards--334-premium,Automotive,11/13/2025 9:33am
DIY Crew 24 Inch Paper Roll Dispenser and Cutter -...,Experience the quality and reliability of this premium cutter. Carefully designed with attention to detail and built to meet high standards. Popular among customers for its excellent value and dependable performance. Perfect for those seeking a trustworthy solution that delivers on its promises. See why customers recommend this choice!,https://m.media-amazon.com/images/I/31OsWOWNpTL.jpg,https://www.amazon.com/dp/B087LWR9MK?tag=trueessent001-20,diy-crew-24-inch-paper-roll-dispenser-and-cutter--,,11/13/2025 9:51am
Automatic Center Adjustable Tension Plastic,Experience the quality and reliability of this premium plastic. Carefully designed with attention to detail and built to meet high standards. Popular among customers for its excellent value and dependable performance. Perfect for those seeking a trustworthy solution that delivers on its promises. See why customers recommend this choice!,https://m.media-amazon.com/images/I/31OsWOWNpTL.jpg,https://www.amazon.com/dp/B09QHNMK1S?tag=trueessent001-20,automatic-center-adjustable-tension-plastic,Automotive,11/13/2025 10:03am
Loctite 242 Threadlocker - Blue Liquid 1.69oz Bottle,Experience the quality and reliability of this premium bottle. Carefully designed with attention to detail and built to meet high standards. Popular among customers for its excellent value and dependable performance. Perfect for those seeking a trustworthy solution that delivers on its promises. See why customers recommend this choice!,https://m.media-amazon.com/images/I/31OsWOWNpTL.jpg,https://www.amazon.com/dp/B002P8LQ1C?tag=trueessent001-20,loctite-242-threadlocker---blue-liquid-169oz-bottle,,11/13/2025 10:04am
EASYBERG Metal Ammo Can Green,Experience the quality and reliability of this premium green. Carefully designed with attention to detail and built to meet high standards. Popular among customers for its excellent value and dependable performance. Perfect for those seeking a trustworthy solution that delivers on its promises. See why customers recommend this choice!,https://m.media-amazon.com/images/I/31OsWOWNpTL.jpg,https://www.amazon.com/dp/B098JH66HV?tag=trueessent001-20,easyberg-metal-ammo-can-green,Automotive,11/13/2025 10:07am
50 pc Durable Shiny 1/8 Inch Rotary Tool Collet Bit #480...,Experience the quality and reliability of this premium tool. Carefully designed with attention to detail and built to meet high standards. Popular among customers for its excellent value and dependable performance. Perfect for those seeking a trustworthy solution that delivers on its promises. See why customers recommend this choice!,https://m.media-amazon.com/images/I/31OsWOWNpTL.jpg,https://www.amazon.com/dp/B09Z33NYWV?tag=trueessent001-20,50-pc-durable-shiny-18-inch-rotary-tool-collet-bit-480,,11/13/2025 10:39am
Heavy Duty Suction Glass Mirror,Experience the quality and reliability of this premium mirror. Carefully designed with attention to detail and built to meet high standards. Popular among customers for its excellent value and dependable performance. Perfect for those seeking a trustworthy solution that delivers on its promises. See why customers recommend this choice!,https://via.placeholder.com/400x400/f8fafc/475569?text=Amazon%2BProduct,https://www.amazon.com/dp/B0DZHC43ZQ?tag=trueessent001-20,heavy-duty-suction-glass-mirror,Automotive,11/18/2025 9:30am
Screw Terminal Block Circuit Connectors,Experience the quality and reliability of this premium connectors. Carefully designed with attention to detail and built to meet high standards. Popular among customers for its excellent value and dependable performance. Perfect for those seeking a trustworthy solution that delivers on its promises. See why customers recommend this choice!,https://via.placeholder.com/400x400/f8fafc/475569?text=Amazon%2BProduct,https://www.amazon.com/dp/B0FNQX9MMT?tag=trueessent001-20,screw-terminal-block-circuit-connectors,,12/4/2025 8:46am
Quality Product,"Tired of [specific problem]? Meet your new favorite solution: Quality Product. Say goodbye to [common issue] with this must-have item that effortlessly [benefit]. Imagine [specific experience] every day and enjoy [another benefit]. Unlike other options, this product [unique selling point]. Trust the countless happy customers who swear by its effectiveness. Elevate your [activity] and simplify your life with Quality Product. Ready to experience the difference? Add to cart now and upgrade your [activity] game!",https://via.placeholder.com/400x400/f8fafc/475569?text=Amazon%2BProduct,https://www.amazon.com/dp/B09LT539LP?tag=trueessent001-20,quality-product,Automotive,12/5/2025 11:07am
Cool Hand Folding Polished Ceramic,Experience the quality and reliability of this premium ceramic. Carefully designed with attention to detail and built to meet high standards. Popular among customers for its excellent value and dependable performance. Perfect for those seeking a trustworthy solution that delivers on its promises. See why customers recommend this choice!,https://via.placeholder.com/400x400/f8fafc/475569?text=Amazon%2BProduct,https://www.amazon.com/dp/B0953LLPQQ?tag=trueessent001-20,cool-hand-folding-polished-ceramic,Automotive,12/5/2025 11:10am
Cool Hand Folding Polished Ceramic,Experience the quality and reliability of this premium ceramic. Carefully designed with attention to detail and built to meet high standards. Popular among customers for its excellent value and dependable performance. Perfect for those seeking a trustworthy solution that delivers on its promises. See why customers recommend this choice!,https://via.placeholder.com/400x400/f8fafc/475569?text=Amazon%2BProduct,https://www.amazon.com/dp/B01KLBNAQS?tag=trueessent001-20,cool-hand-folding-polished-ceramic,Automotive,12/5/2025 11:21am
"NEBO Redline Flex Light | 450 Lumens, Flashlight Powered...","Upgrade your lighting with this energy-efficient LED solution. Provides bright, consistent illumination while reducing energy costs. Easy to install and built to last, offering reliable performance for years. Perfect for enhancing ambiance, improving visibility, or replacing outdated lighting fixtures.",https://via.placeholder.com/400x400/f8fafc/475569?text=Amazon%2BProduct,https://www.amazon.com/dp/B08SPVK4N4?tag=trueessent001-20,nebo-redline-flex-light--450-lumens-flashlight-powered,,12/5/2025 12:22pm
Quality Product,Experience the quality and reliability of this premium product. Carefully designed with attention to detail and built to meet high standards. Popular among customers for its excellent value and dependable performance. Perfect for those seeking a trustworthy solution that delivers on its promises. See why customers recommend this choice!,https://via.placeholder.com/400x400/f8fafc/475569?text=Amazon%2BProduct,https://www.amazon.com/dp/B00QBYPT6Y?tag=trueessent001-20,quality-product,Automotive,12/5/2025 12:53pm
Treela Strapping Transparent Reinforced Fiberglass,Experience the quality and reliability of this premium fiberglass. Carefully designed with attention to detail and built to meet high standards. Popular among customers for its excellent value and dependable performance. Perfect for those seeking a trustworthy solution that delivers on its promises. See why customers recommend this choice!,https://via.placeholder.com/400x400/f8fafc/475569?text=Amazon%2BProduct,https://www.amazon.com/dp/B0F6LCBKZX?tag=trueessent001-20,treela-strapping-transparent-reinforced-fiberglass,Automotive,12/5/2025 2:45pm
Marine Grade Bungee Cords Outdoor,"Built for adventure and designed to perform in challenging conditions. This rugged outdoor gear combines durability with functionality, making it perfect for camping, hiking, tactical applications, or everyday carry. Weather-resistant construction ensures reliable performance when you need it most.",https://via.placeholder.com/400x400/f8fafc/475569?text=Sports%2BOutdoors,https://www.amazon.com/dp/B0F9292M9G?tag=trueessent001-20,marine-grade-bungee-cords-outdoor,,12/5/2025 2:46pm
Dispensing Gun Kit Mixing Dispenser,Experience the quality and reliability of this premium kit. Carefully designed with attention to detail and built to meet high standards. Popular among customers for its excellent value and dependable performance. Perfect for those seeking a trustworthy solution that delivers on its promises. See why customers recommend this choice!,https://via.placeholder.com/400x400/f8fafc/475569?text=Amazon%2BProduct,https://www.amazon.com/dp/B0DCFMWDDX?tag=trueessent001-20,dispensing-gun-kit-mixing-dispenser,Automotive,12/5/2025 3:01pm
Mobil SHC Synthetic Circulating Gear,Experience the quality and reliability of this premium gear. Carefully designed with attention to detail and built to meet high standards. Popular among customers for its excellent value and dependable performance. Perfect for those seeking a trustworthy solution that delivers on its promises. See why customers recommend this choice!,https://m.media-amazon.com/images/I/21GDW8wMroL.jpg,https://www.amazon.com/dp/B07F5P45WL?tag=trueessent001-20,mobil-shc-synthetic-circulating-gear,,12/8/2025 9:28am
Quality Product,Experience the quality and reliability of this premium product. Carefully designed with attention to detail and built to meet high standards. Popular among customers for its excellent value and dependable performance. Perfect for those seeking a trustworthy solution that delivers on its promises. See why customers recommend this choice!,https://m.media-amazon.com/images/I/41jRTvFabSL.jpg,https://www.amazon.com/dp/B0B1N7QKBN?tag=trueessent001-20,quality-product,Automotive,12/8/2025 1:26pm
US+ 100% Pure Vegetable Glycerin - Pharmaceutical &amp;...,Experience the quality and reliability of this premium &amp;. Carefully designed with attention to detail and built to meet high standards. Popular among customers for its excellent value and dependable performance. Perfect for those seeking a trustworthy solution that delivers on its promises. See why customers recommend this choice!,https://via.placeholder.com/400x400/f8fafc/475569?text=Amazon%2BProduct,https://www.amazon.com/dp/B0BR99MF15?tag=trueessent001-20,us-100-pure-vegetable-glycerin---pharmaceutical-amp,Automotive,12/8/2025 1:28pm
MEIJIA Portable All Weather IP67 Waterproof Protective...,Experience the quality and reliability of this premium protective. Carefully designed with attention to detail and built to meet high standards. Popular among customers for its excellent value and dependable performance. Perfect for those seeking a trustworthy solution that delivers on its promises. See why customers recommend this choice!,https://m.media-amazon.com/images/I/41OSd+eutIL.jpg,https://www.amazon.com/dp/B07S1K184L?tag=trueessent001-20,meijia-portable-all-weather-ip67-waterproof-protective,,12/11/2025 9:58am
Drawstring Bag - Nylon Cinch and Ditty Stuff Pouch with...,Experience the quality and reliability of this premium with. Carefully designed with attention to detail and built to meet high standards. Popular among customers for its excellent value and dependable performance. Perfect for those seeking a trustworthy solution that delivers on its promises. See why customers recommend this choice!,https://m.media-amazon.com/images/I/21wWozY0tcL.jpg,https://www.amazon.com/dp/B0834LTTXV?tag=trueessent001-20,drawstring-bag---nylon-cinch-and-ditty-stuff-pouch-with,Automotive,12/11/2025 12:59pm
BOJACK MOSFET 30 A 60 V N-Channel Power MOSFET Transistor...,Experience the quality and reliability of this premium transistor. Carefully designed with attention to detail and built to meet high standards. Popular among customers for its excellent value and dependable performance. Perfect for those seeking a trustworthy solution that delivers on its promises. See why customers recommend this choice!,https://m.media-amazon.com/images/I/21wWozY0tcL.jpg,https://www.amazon.com/dp/B07WR86ZGS?tag=trueessent001-20,bojack-mosfet-30-a-60-v-n-channel-power-mosfet-transistor,Automotive,12/11/2025 2:49pm
"Magnet Wire, Enameled Copper Wire, 28 AWG, 4 oz, 507&#39;...","Upgrade your lighting with this energy-efficient LED solution. Provides bright, consistent illumination while reducing energy costs. Easy to install and built to last, offering reliable performance for years. Perfect for enhancing ambiance, improving visibility, or replacing outdated lighting fixtures.",https://m.media-amazon.com/images/I/21wWozY0tcL.jpg,https://www.amazon.com/dp/B00I53B2TC?tag=trueessent001-20,magnet-wire-enameled-copper-wire-28-awg-4-oz-50739,,12/11/2025 2:50pm
"ASP Ultra Double-Locking Chain Handcuffs, Forged Aluminum...",Experience the quality and reliability of this premium aluminum. Carefully designed with attention to detail and built to meet high standards. Popular among customers for its excellent value and dependable performance. Perfect for those seeking a trustworthy solution that delivers on its promises. See why customers recommend this choice!,https://m.media-amazon.com/images/I/21wWozY0tcL.jpg,https://www.amazon.com/dp/B096SVKPV3?tag=trueessent001-20,asp-ultra-double-locking-chain-handcuffs-forged-aluminum,Automotive,12/11/2025 2:54pm
2&#34; 6061 T651 Solid Aluminum Round Rod 16&#34; Long...,Experience the quality and reliability of this premium long. Carefully designed with attention to detail and built to meet high standards. Popular among customers for its excellent value and dependable performance. Perfect for those seeking a trustworthy solution that delivers on its promises. See why customers recommend this choice!,https://m.media-amazon.com/images/I/21wWozY0tcL.jpg,https://www.amazon.com/dp/B0DL5Z8QYB?tag=trueessent001-20,234-6061-t651-solid-aluminum-round-rod-1634-long,Automotive,12/12/2025 10:28am
Lifepro Waver Vibration Plate Exercise Machine for...,Experience the quality and reliability of this premium machine. Carefully designed with attention to detail and built to meet high standards. Popular among customers for its excellent value and dependable performance. Perfect for those seeking a trustworthy solution that delivers on its promises. See why customers recommend this choice!,https://m.media-amazon.com/images/I/41zPlYCtrPL.jpg,https://www.amazon.com/dp/B07KF1KYWX?tag=trueessent001-20,lifepro-waver-vibration-plate-exercise-machine-for,,12/12/2025 12:09pm
"WindyNation 100 Feet (31 Meters) 1/8 inch, 1/8&#34; I.D....",Experience the quality and reliability of this premium i.d.. Carefully designed with attention to detail and built to meet high standards. Popular among customers for its excellent value and dependable performance. Perfect for those seeking a trustworthy solution that delivers on its promises. See why customers recommend this choice!,https://m.media-amazon.com/images/I/41o+NRU6hDL.jpg,https://www.amazon.com/dp/B01MSESFRK?tag=trueessent001-20,windynation-100-feet-31-meters-18-inch-1834-id,Automotive,12/16/2025 9:11am
DAOKI 20Pcs Micro Limit Switch Lever Arm Long 28MM SPDT 3...,Experience the quality and reliability of this premium spdt. Carefully designed with attention to detail and built to meet high standards. Popular among customers for its excellent value and dependable performance. Perfect for those seeking a trustworthy solution that delivers on its promises. See why customers recommend this choice!,https://m.media-amazon.com/images/I/41o+NRU6hDL.jpg,https://www.amazon.com/dp/B07YKFX99S?tag=trueessent001-20,daoki-20pcs-micro-limit-switch-lever-arm-long-28mm-spdt-3,Automotive,12/18/2025 9:28am
1/2 inch Black Polyester Bungee/Shock Cord - 100 Foot...,Experience the quality and reliability of this premium foot. Carefully designed with attention to detail and built to meet high standards. Popular among customers for its excellent value and dependable performance. Perfect for those seeking a trustworthy solution that delivers on its promises. See why customers recommend this choice!,https://m.media-amazon.com/images/I/41hYKii5w-L.jpg,https://www.amazon.com/dp/B07Z8DWDJF?tag=trueessent001-20,12-inch-black-polyester-bungeeshock-cord---100-foot,Automotive,12/23/2025 11:13am
Pelican 1920B LED Flashlight (Black),"Upgrade your lighting with this energy-efficient LED solution. Provides bright, consistent illumination while reducing energy costs. Easy to install and built to last, offering reliable performance for years. Perfect for enhancing ambiance, improving visibility, or replacing outdated lighting fixtures.",https://m.media-amazon.com/images/I/31tzIA76q+L.jpg,https://www.amazon.com/dp/B07DXDMHCW?tag=trueessent001-20,pelican-1920b-led-flashlight-black,,12/29/2025 12:34pm
Pelican 1920B LED Flashlight (Black),"Upgrade your lighting with this energy-efficient LED solution. Provides bright, consistent illumination while reducing energy costs. Easy to install and built to last, offering reliable performance for years. Perfect for enhancing ambiance, improving visibility, or replacing outdated lighting fixtures.",https://m.media-amazon.com/images/I/31tzIA76q+L.jpg,https://www.amazon.com/dp/B07DXDMHCW?tag=trueessent001-20,pelican-1920b-led-flashlight-black,,12/29/2025 12:34pm
Quality Product,Experience the quality and reliability of this premium product. Carefully designed with attention to detail and built to meet high standards. Popular among customers for its excellent value and dependable performance. Perfect for those seeking a trustworthy solution that delivers on its promises. See why customers recommend this choice!,https://via.placeholder.com/400x400/f8fafc/475569?text=Amazon%2BProduct,https://www.amazon.com/dp/B08FB5NPCG?tag=trueessent001-20,quality-product,Automotive,1/5/2026 8:46am
Muzata 10 Pack 1/4&#34; x 2&#34; Eye Bolts Stainless...,Experience the quality and reliability of this premium stainless. Carefully designed with attention to detail and built to meet high standards. Popular among customers for its excellent value and dependable performance. Perfect for those seeking a trustworthy solution that delivers on its promises. See why customers recommend this choice!,https://via.placeholder.com/400x400/f8fafc/475569?text=Amazon%2BProduct,https://www.amazon.com/dp/B08FB5NPCG?tag=trueessent001-20,muzata-10-pack-1434-x-234-eye-bolts-stainless,,1/5/2026 10:45am
Cynamed Rochester Hemostatic Serrated Longitudinal,Experience the quality and reliability of this premium longitudinal. Carefully designed with attention to detail and built to meet high standards. Popular among customers for its excellent value and dependable performance. Perfect for those seeking a trustworthy solution that delivers on its promises. See why customers recommend this choice!,https://via.placeholder.com/400x400/f8fafc/475569?text=Amazon%2BProduct,https://www.amazon.com/dp/B07WCFGHLP?tag=trueessent001-20,cynamed-rochester-hemostatic-serrated-longitudinal,Automotive,1/8/2026 9:51am
COIDEA Waterproof Top Spiral Weatherproof...,Experience the quality and reliability of this premium weatherproof. Carefully designed with attention to detail and built to meet high standards. Popular among customers for its excellent value and dependable performance. Perfect for those seeking a trustworthy solution that delivers on its promises. See why customers recommend this choice!,https://via.placeholder.com/400x400/f8fafc/475569?text=Amazon%2BProduct,https://www.amazon.com/dp/B0DSMYW8MC?tag=trueessent001-20,coidea-waterproof-top-spiral-weatherproof,,1/9/2026 11:16am
CLIPS USA Notebook Drafting Sheets,Experience the quality and reliability of this premium sheets. Carefully designed with attention to detail and built to meet high standards. Popular among customers for its excellent value and dependable performance. Perfect for those seeking a trustworthy solution that delivers on its promises. See why customers recommend this choice!,https://via.placeholder.com/400x400/f8fafc/475569?text=Amazon%2BProduct,https://www.amazon.com/dp/B0CVMHQHRM?tag=trueessent001-20,clips-usa-notebook-drafting-sheets,,1/9/2026 11:26am
"E-CLIPS USA Graph Paper Pad, Graph Paper Notebook, 4 x 4...","Experience the quality and reliability of this premium notebook,. Carefully designed with attention to detail and built to meet high standards. Popular among customers for its excellent value and dependable performance. Perfect for those seeking a trustworthy solution that delivers on its promises. See why customers recommend this choice!",https://via.placeholder.com/400x400/f8fafc/475569?text=Amazon%2BProduct,https://www.amazon.com/dp/B0CVMHQHRM?tag=trueessent001-20,e-clips-usa-graph-paper-pad-graph-paper-notebook-4-x-4,,1/9/2026 11:26am
Mechanix Wear M Pact Tactical Resistant,"Built for adventure and designed to perform in challenging conditions. This rugged outdoor gear combines durability with functionality, making it perfect for camping, hiking, tactical applications, or everyday carry. Weather-resistant construction ensures reliable performance when you need it most.",https://m.media-amazon.com/images/I/31Mgg-AdmQL.jpg,https://www.amazon.com/dp/B0019IC52S?tag=trueessent001-20,mechanix-wear-m-pact-tactical-resistant,,1/9/2026 12:31pm
MaxTite 91 Isopropyl Alcohol Gallons,Experience the quality and reliability of this premium gallons. Carefully designed with attention to detail and built to meet high standards. Popular among customers for its excellent value and dependable performance. Perfect for those seeking a trustworthy solution that delivers on its promises. See why customers recommend this choice!,https://via.placeholder.com/400x400/f8fafc/475569?text=Amazon%2BProduct,https://www.amazon.com/dp/B0BYLQRC5J?tag=trueessent001-20,maxtite-91-isopropyl-alcohol-gallons,Automotive,1/12/2026 9:31am
Garrett 1165900 Handheld Detector Plastic,Experience the quality and reliability of this premium plastic. Carefully designed with attention to detail and built to meet high standards. Popular among customers for its excellent value and dependable performance. Perfect for those seeking a trustworthy solution that delivers on its promises. See why customers recommend this choice!,https://m.media-amazon.com/images/I/31tW8w8AiZL.jpg,https://www.amazon.com/dp/B000EEH5HS?tag=trueessent001-20,garrett-1165900-handheld-detector-plastic,Automotive,1/12/2026 2:36pm
Streamlight 65658 Stylus Reach UL-Listed 11-Lumen White...,"Upgrade your lighting with this energy-efficient LED solution. Provides bright, consistent illumination while reducing energy costs. Easy to install and built to last, offering reliable performance for years. Perfect for enhancing ambiance, improving visibility, or replacing outdated lighting fixtures.",https://m.media-amazon.com/images/I/41o+NRU6hDL.jpg,https://www.amazon.com/dp/B0009JVQEG?tag=trueessent001-20,streamlight-65658-stylus-reach-ul-listed-11-lumen-white,,1/12/2026 2:42pm
Telescoping Inspection Flexible Checking Observing,Experience the quality and reliability of this premium observing. Carefully designed with attention to detail and built to meet high standards. Popular among customers for its excellent value and dependable performance. Perfect for those seeking a trustworthy solution that delivers on its promises. See why customers recommend this choice!,https://m.media-amazon.com/images/I/41PQGLaFDSL.jpg,https://www.amazon.com/dp/B09J19HM2F?tag=trueessent001-20,telescoping-inspection-flexible-checking-observing,Automotive,1/12/2026 2:43pm
Quality Product,Experience the quality and reliability of this premium product. Carefully designed with attention to detail and built to meet high standards. Popular among customers for its excellent value and dependable performance. Perfect for those seeking a trustworthy solution that delivers on its promises. See why customers recommend this choice!,https://m.media-amazon.com/images/I/31yx5NR4ILL.jpg,https://www.amazon.com/dp/B0C3VH7LH5?tag=trueessent001-20,quality-product,Automotive,1/13/2026 11:41am
DMM DM0428 Revolver Carabiner,Experience the quality and reliability of this premium carabiner. Carefully designed with attention to detail and built to meet high standards. Popular among customers for its excellent value and dependable performance. Perfect for those seeking a trustworthy solution that delivers on its promises. See why customers recommend this choice!,https://via.placeholder.com/400x400/f8fafc/475569?text=Automotive,https://www.amazon.com/dp/B000RW0P6A?tag=trueessent001-20,dmm-dm0428-revolver-carabiner,Automotive,1/14/2026 1:28pm
Rugged Radios GMRS Adventure Pack Two Way Handheld Radio...,Experience the quality and reliability of this premium radio. Carefully designed with attention to detail and built to meet high standards. Popular among customers for its excellent value and dependable performance. Perfect for those seeking a trustworthy solution that delivers on its promises. See why customers recommend this choice!,https://m.media-amazon.com/images/I/416Mw5uHYQL.jpg,https://www.amazon.com/dp/B0CZYVLX1L?tag=trueessent001-20,rugged-radios-gmrs-adventure-pack-two-way-handheld-radio,,1/15/2026 12:04pm
3M Electrical Markets Division Temflex Cotton Friction...,Experience the quality and reliability of this premium friction. Carefully designed with attention to detail and built to meet high standards. Popular among customers for its excellent value and dependable performance. Perfect for those seeking a trustworthy solution that delivers on its promises. See why customers recommend this choice!,https://via.placeholder.com/400x400/f8fafc/475569?text=Amazon%2BProduct,https://www.amazon.com/dp/B007BHPFAK?tag=trueessent001-20,3m-electrical-markets-division-temflex-cotton-friction,,1/15/2026 12:05pm
SANKEMU Wiring Harness Tape High Temp Wire Cable Loom...,Experience the quality and reliability of this premium cable. Carefully designed with attention to detail and built to meet high standards. Popular among customers for its excellent value and dependable performance. Perfect for those seeking a trustworthy solution that delivers on its promises. See why customers recommend this choice!,https://m.media-amazon.com/images/I/318JJvIgLnL.jpg,https://www.amazon.com/dp/B09WMFZ589?tag=trueessent001-20,sankemu-wiring-harness-tape-high-temp-wire-cable-loom,,1/15/2026 12:06pm
"Gorilla Duct Tape, Black Tape, 1.88&#34; x 35 yd (Pack of...",Experience the quality and reliability of this premium (pack. Carefully designed with attention to detail and built to meet high standards. Popular among customers for its excellent value and dependable performance. Perfect for those seeking a trustworthy solution that delivers on its promises. See why customers recommend this choice!,https://m.media-amazon.com/images/I/31fgv2aX9kL.jpg,https://www.amazon.com/dp/B000CSS8UE?tag=trueessent001-20,gorilla-duct-tape-black-tape-18834-x-35-yd-pack-of,Automotive,1/15/2026 12:09pm
Treela 30 Rolls 1/2 Inch x 60 Yards Filament Strapping...,Experience the quality and reliability of this premium strapping. Carefully designed with attention to detail and built to meet high standards. Popular among customers for its excellent value and dependable performance. Perfect for those seeking a trustworthy solution that delivers on its promises. See why customers recommend this choice!,https://m.media-amazon.com/images/I/318JJvIgLnL.jpg,https://www.amazon.com/dp/B0F6LCBKZX?tag=trueessent001-20,treela-30-rolls-12-inch-x-60-yards-filament-strapping,Automotive,1/15/2026 12:12pm
"PYLE-PRO 50W Megaphone Speaker PA Bullhorn, Black Aux...",Experience the quality and reliability of this premium aux. Carefully designed with attention to detail and built to meet high standards. Popular among customers for its excellent value and dependable performance. Perfect for those seeking a trustworthy solution that delivers on its promises. See why customers recommend this choice!,https://m.media-amazon.com/images/I/31tW8w8AiZL.jpg,https://www.amazon.com/dp/B007A99G4U?tag=trueessent001-20,pyle-pro-50w-megaphone-speaker-pa-bullhorn-black-aux,,1/15/2026 12:14pm
"YETI Tundra 210 Cooler, White",Experience the quality and reliability of this premium white. Carefully designed with attention to detail and built to meet high standards. Popular among customers for its excellent value and dependable performance. Perfect for those seeking a trustworthy solution that delivers on its promises. See why customers recommend this choice!,https://m.media-amazon.com/images/I/31tW8w8AiZL.jpg,https://www.amazon.com/dp/B0118APVEA?tag=trueessent001-20,yeti-tundra-210-cooler-white,Automotive,1/15/2026 12:18pm
AmerCareRoyal Black Widow Nitrile Latex Free Disposable...,Experience the quality and reliability of this premium disposable. Carefully designed with attention to detail and built to meet high standards. Popular among customers for its excellent value and dependable performance. Perfect for those seeking a trustworthy solution that delivers on its promises. See why customers recommend this choice!,https://m.media-amazon.com/images/I/41CRLT-PEdL._AC_SL1000_.jpg,https://www.amazon.com/dp/B06XXS53H2?tag=trueessent001-20,amercareroyal-black-widow-nitrile-latex-free-disposable,Automotive,1/15/2026 12:19pm
"Paracord Planet Paracord (50+ Colors) - 1,000 Foot spools...",Experience the quality and reliability of this premium spools. Carefully designed with attention to detail and built to meet high standards. Popular among customers for its excellent value and dependable performance. Perfect for those seeking a trustworthy solution that delivers on its promises. See why customers recommend this choice!,https://m.media-amazon.com/images/I/31tW8w8AiZL.jpg,https://www.amazon.com/dp/B01LZDNHXH?tag=trueessent001-20,paracord-planet-paracord-50-colors---1000-foot-spools,,1/15/2026 12:22pm
ASKIZ Heavy Duty Sand Bags with UV Protection - 16&#34; x...,Experience the quality and reliability of this premium 16&#34;. Carefully designed with attention to detail and built to meet high standards. Popular among customers for its excellent value and dependable performance. Perfect for those seeking a trustworthy solution that delivers on its promises. See why customers recommend this choice!,https://m.media-amazon.com/images/I/41ZUfQwH8qL.jpg,https://www.amazon.com/dp/B0C1RX4PDC?tag=trueessent001-20,askiz-heavy-duty-sand-bags-with-uv-protection---1634-x,Automotive,1/15/2026 12:25pm
"NLZD 12 Inch Heavy Duty Black Nylon Zip Ties, 500 Pack,...","Experience the quality and reliability of this premium pack,. Carefully designed with attention to detail and built to meet high standards. Popular among customers for its excellent value and dependable performance. Perfect for those seeking a trustworthy solution that delivers on its promises. See why customers recommend this choice!",https://m.media-amazon.com/images/I/318JJvIgLnL.jpg,https://www.amazon.com/dp/B0FXX196TX?tag=trueessent001-20,nlzd-12-inch-heavy-duty-black-nylon-zip-ties-500-pack,Automotive,1/15/2026 12:30pm
6&#34; Inch Spring Caliper Set of 3 Pieces 150mm - Inside...,Experience the quality and reliability of this premium set. Carefully designed with attention to detail and built to meet high standards. Popular among customers for its excellent value and dependable performance. Perfect for those seeking a trustworthy solution that delivers on its promises. See why customers recommend this choice!,https://m.media-amazon.com/images/I/318JJvIgLnL.jpg,https://www.amazon.com/dp/B0F5WQD6RC?tag=trueessent001-20,634-inch-spring-caliper-set-of-3-pieces-150mm---inside,Automotive,1/15/2026 12:36pm
"EXTRIC Duct Tape, Heavy Duty Silver Duct Tape, Strong...",Experience the quality and reliability of this premium strong. Carefully designed with attention to detail and built to meet high standards. Popular among customers for its excellent value and dependable performance. Perfect for those seeking a trustworthy solution that delivers on its promises. See why customers recommend this choice!,https://m.media-amazon.com/images/I/318JJvIgLnL.jpg,https://www.amazon.com/dp/B0B88S9QQN?tag=trueessent001-20,extric-duct-tape-heavy-duty-silver-duct-tape-strong,Automotive,1/15/2026 12:37pm
"Staedtler Lumograph Non-Permanent Wet Erase Marker Pen,...","Experience the quality and reliability of this premium pen,. Carefully designed with attention to detail and built to meet high standards. Popular among customers for its excellent value and dependable performance. Perfect for those seeking a trustworthy solution that delivers on its promises. See why customers recommend this choice!",https://m.media-amazon.com/images/I/318JJvIgLnL.jpg,https://www.amazon.com/dp/B000SHP18G?tag=trueessent001-20,staedtler-lumograph-non-permanent-wet-erase-marker-pen,,1/15/2026 12:40pm
"Garmin Foretrex 801, Wrist-Mounted GPS Navigation with...",Experience the quality and reliability of this premium mount. Carefully designed with attention to detail and built to meet high standards. Popular among customers for its excellent value and dependable performance. Perfect for those seeking a trustworthy solution that delivers on its promises. See why customers recommend this choice!,https://m.media-amazon.com/images/I/21732JgpQUL.jpg,https://www.amazon.com/dp/B0BZWXWGYK?tag=trueessent001-20,garmin-foretrex-801-wrist-mounted-gps-navigation-with,Automotive,1/15/2026 12:43pm
"Panasonic Toughbook G2, Fully Rugged FZ-G2, 10.1 In...",Experience the quality and reliability of this premium 10.1. Carefully designed with attention to detail and built to meet high standards. Popular among customers for its excellent value and dependable performance. Perfect for those seeking a trustworthy solution that delivers on its promises. See why customers recommend this choice!,https://m.media-amazon.com/images/I/41xLEeDiaBL.jpg,https://www.amazon.com/dp/B09KSZXJWV?tag=trueessent001-20,panasonic-toughbook-g2-fully-rugged-fz-g2-101-in,,1/15/2026 1:09pm
"Leupold BX-2 Alpine HD Binoculars, 8x42mm (181176)",Experience the quality and reliability of this premium (181176). Carefully designed with attention to detail and built to meet high standards. Popular among customers for its excellent value and dependable performance. Perfect for those seeking a trustworthy solution that delivers on its promises. See why customers recommend this choice!,https://m.media-amazon.com/images/I/31tW8w8AiZL.jpg,https://www.amazon.com/dp/B08R5HCZ73?tag=trueessent001-20,leupold-bx-2-alpine-hd-binoculars-8x42mm-181176,Automotive,1/15/2026 1:12pm
"Foam Factory Inc Shredded Foam Bean Bag, 30lb*...",Experience the quality and reliability of this premium 30lb*. Carefully designed with attention to detail and built to meet high standards. Popular among customers for its excellent value and dependable performance. Perfect for those seeking a trustworthy solution that delivers on its promises. See why customers recommend this choice!,https://m.media-amazon.com/images/I/41PQGLaFDSL.jpg,https://www.amazon.com/dp/B0DNM8V7FX?tag=trueessent001-20,foam-factory-inc-shredded-foam-bean-bag-30lb,Automotive,1/16/2026 11:32am
CARTMAN Finished Size 8x10 Feet Waterproof Green Tarp 8...,Experience the quality and reliability of this premium tarp. Carefully designed with attention to detail and built to meet high standards. Popular among customers for its excellent value and dependable performance. Perfect for those seeking a trustworthy solution that delivers on its promises. See why customers recommend this choice!,https://m.media-amazon.com/images/I/31tW8w8AiZL.jpg,https://www.amazon.com/dp/B089PY2LCV?tag=trueessent001-20,cartman-finished-size-8x10-feet-waterproof-green-tarp-8,,1/16/2026 3:46pm
CARTMAN Finished Size 8x10 Feet Waterproof Green Tarp 8...,Experience the quality and reliability of this premium tarp. Carefully designed with attention to detail and built to meet high standards. Popular among customers for its excellent value and dependable performance. Perfect for those seeking a trustworthy solution that delivers on its promises. See why customers recommend this choice!,https://m.media-amazon.com/images/I/31tW8w8AiZL.jpg,https://www.amazon.com/dp/B089PY2LCV?tag=trueessent001-20,cartman-finished-size-8x10-feet-waterproof-green-tarp-8,,1/16/2026 3:46pm
CARTMAN Finished Size 10x12 Feet Waterproof Green Tarp 8...,Experience the quality and reliability of this premium tarp. Carefully designed with attention to detail and built to meet high standards. Popular among customers for its excellent value and dependable performance. Perfect for those seeking a trustworthy solution that delivers on its promises. See why customers recommend this choice!,https://m.media-amazon.com/images/I/31tW8w8AiZL.jpg,https://www.amazon.com/dp/B089Q18CCZ?tag=trueessent001-20,cartman-finished-size-10x12-feet-waterproof-green-tarp-8,,1/16/2026 3:46pm
Kotap MABC-24 All- Purpose Adjustable Bungee Cords with...,Experience the quality and reliability of this premium with. Carefully designed with attention to detail and built to meet high standards. Popular among customers for its excellent value and dependable performance. Perfect for those seeking a trustworthy solution that delivers on its promises. See why customers recommend this choice!,https://m.media-amazon.com/images/I/21Zvu4mFe9L.jpg,https://www.amazon.com/dp/B00UW5BMDM?tag=trueessent001-20,kotap-mabc-24-all--purpose-adjustable-bungee-cords-with,Automotive,1/16/2026 3:48pm
Kotap MABC-24 All- Purpose Adjustable Bungee Cords with...,Experience the quality and reliability of this premium with. Carefully designed with attention to detail and built to meet high standards. Popular among customers for its excellent value and dependable performance. Perfect for those seeking a trustworthy solution that delivers on its promises. See why customers recommend this choice!,https://m.media-amazon.com/images/I/21Zvu4mFe9L.jpg,https://www.amazon.com/dp/B00UW5BMDM?tag=trueessent001-20,kotap-mabc-24-all--purpose-adjustable-bungee-cords-with,Automotive,1/16/2026 3:49pm
AUGO Ratchet Straps Heavy Duty 4 Pack -15 FT - 2200 LB...,Experience the quality and reliability of this premium 2200. Carefully designed with attention to detail and built to meet high standards. Popular among customers for its excellent value and dependable performance. Perfect for those seeking a trustworthy solution that delivers on its promises. See why customers recommend this choice!,https://m.media-amazon.com/images/I/31tW8w8AiZL.jpg,https://www.amazon.com/dp/B01F7KSAGI?tag=trueessent001-20,augo-ratchet-straps-heavy-duty-4-pack--15-ft---2200-lb,Automotive,1/16/2026 3:51pm
GreenGiggle 8 Pack Ratchet Strap 1 inch 15 Ft - 880 lbs...,Experience the quality and reliability of this premium lbs. Carefully designed with attention to detail and built to meet high standards. Popular among customers for its excellent value and dependable performance. Perfect for those seeking a trustworthy solution that delivers on its promises. See why customers recommend this choice!,https://m.media-amazon.com/images/I/31tW8w8AiZL.jpg,https://www.amazon.com/dp/B0FG1FZV9M?tag=trueessent001-20,greengiggle-8-pack-ratchet-strap-1-inch-15-ft---880-lbs,Automotive,1/16/2026 3:52pm
Surebonder PRO2-80 High Temperature Industrial Glue Gun,Experience the quality and reliability of this premium gun. Carefully designed with attention to detail and built to meet high standards. Popular among customers for its excellent value and dependable performance. Perfect for those seeking a trustworthy solution that delivers on its promises. See why customers recommend this choice!,https://m.media-amazon.com/images/I/21Zvu4mFe9L.jpg,https://www.amazon.com/dp/B005RULNHM?tag=trueessent001-20,surebonder-pro2-80-high-temperature-industrial-glue-gun,,1/16/2026 4:26pm
Surebonder DT-270 Dual Temperature 40W Full Size Hot Melt...,Experience the quality and reliability of this premium melt. Carefully designed with attention to detail and built to meet high standards. Popular among customers for its excellent value and dependable performance. Perfect for those seeking a trustworthy solution that delivers on its promises. See why customers recommend this choice!,https://m.media-amazon.com/images/I/31tW8w8AiZL.jpg,https://www.amazon.com/dp/B0000BYD4U?tag=trueessent001-20,surebonder-dt-270-dual-temperature-40w-full-size-hot-melt,Automotive,1/16/2026 4:27pm
"Surebonder Hot Melt Glue Stick, Clear, 7/16 x 4In, PK6",Experience the quality and reliability of this premium pk6. Carefully designed with attention to detail and built to meet high standards. Popular among customers for its excellent value and dependable performance. Perfect for those seeking a trustworthy solution that delivers on its promises. See why customers recommend this choice!,https://m.media-amazon.com/images/I/318JJvIgLnL.jpg,https://www.amazon.com/dp/B000LNO7ZU?tag=trueessent001-20,surebonder-hot-melt-glue-stick-clear-716-x-4in-pk6,,1/16/2026 4:28pm
"Gorilla Hot Glue Sticks, Clear Glue, Full Size 8&#34;...",Experience the quality and reliability of this premium 8&#34;. Carefully designed with attention to detail and built to meet high standards. Popular among customers for its excellent value and dependable performance. Perfect for those seeking a trustworthy solution that delivers on its promises. See why customers recommend this choice!,https://m.media-amazon.com/images/I/21Zvu4mFe9L.jpg,https://www.amazon.com/dp/B071HH42WW?tag=trueessent001-20,gorilla-hot-glue-sticks-clear-glue-full-size-834,,1/16/2026 4:30pm
"Master Lock Gold Combination Padlock, Gate Lock for...",Experience the quality and reliability of this premium for. Carefully designed with attention to detail and built to meet high standards. Popular among customers for its excellent value and dependable performance. Perfect for those seeking a trustworthy solution that delivers on its promises. See why customers recommend this choice!,https://m.media-amazon.com/images/I/21Zvu4mFe9L.jpg,https://www.amazon.com/dp/B0BHXDR93L?tag=trueessent001-20,master-lock-gold-combination-padlock-gate-lock-for,Automotive,1/16/2026 5:16pm
khanka Hard Travel Case Replacement for Brother P-Touch...,Experience the quality and reliability of this premium case. Carefully designed with attention to detail and built to meet high standards. Popular among customers for its excellent value and dependable performance. Perfect for those seeking a trustworthy solution that delivers on its promises. See why customers recommend this choice!,https://m.media-amazon.com/images/I/21732JgpQUL.jpg,https://www.amazon.com/dp/B07KT3DH7T?tag=trueessent001-20,khanka-hard-travel-case-replacement-for-brother-p-touch,Automotive,1/16/2026 5:18pm
Brother Pt-d400 Label Maker,Experience the quality and reliability of this premium maker. Carefully designed with attention to detail and built to meet high standards. Popular among customers for its excellent value and dependable performance. Perfect for those seeking a trustworthy solution that delivers on its promises. See why customers recommend this choice!,https://m.media-amazon.com/images/I/41xG8Yh0rlL._AC_SL1000_.jpg,https://www.amazon.com/dp/B00Q43EL84?tag=trueessent001-20,brother-pt-d400-label-maker,Automotive,1/16/2026 5:19pm
Brother Pt-d400 Label Maker,Experience the quality and reliability of this premium maker. Carefully designed with attention to detail and built to meet high standards. Popular among customers for its excellent value and dependable performance. Perfect for those seeking a trustworthy solution that delivers on its promises. See why customers recommend this choice!,https://m.media-amazon.com/images/I/41xG8Yh0rlL._AC_SL1000_.jpg,https://www.amazon.com/dp/B00Q43EL84?tag=trueessent001-20,brother-pt-d400-label-maker,Automotive,1/16/2026 5:19pm
10Pack Compatible Brother P-Touch Label Maker Tape TZe...,Experience the quality and reliability of this premium tze. Carefully designed with attention to detail and built to meet high standards. Popular among customers for its excellent value and dependable performance. Perfect for those seeking a trustworthy solution that delivers on its promises. See why customers recommend this choice!,https://m.media-amazon.com/images/I/31KlsM82pyL.jpg,https://www.amazon.com/dp/B0DJQYTGHY?tag=trueessent001-20,10pack-compatible-brother-p-touch-label-maker-tape-tze,Automotive,1/16/2026 7:50pm
"JIZHGRAD White Flagging Tape, Surveyors Tape,1-3/16&#34;...","Experience the quality and reliability of this premium tape,1-3/16&#34;. Carefully designed with attention to detail and built to meet high standards. Popular among customers for its excellent value and dependable performance. Perfect for those seeking a trustworthy solution that delivers on its promises. See why customers recommend this choice!",https://m.media-amazon.com/images/I/31yx5NR4ILL.jpg,https://www.amazon.com/dp/B0CW37FZ5D?tag=trueessent001-20,jizhgrad-white-flagging-tape-surveyors-tape1-31634,Automotive,1/16/2026 7:51pm
"40 PCS Self-Adhesive Laminating Sheets, 9 x 12 Inches...",Experience the quality and reliability of this premium inches. Carefully designed with attention to detail and built to meet high standards. Popular among customers for its excellent value and dependable performance. Perfect for those seeking a trustworthy solution that delivers on its promises. See why customers recommend this choice!,https://m.media-amazon.com/images/I/51xmHciBh+L.jpg,https://www.amazon.com/dp/B0C2HSHMT2?tag=trueessent001-20,40-pcs-self-adhesive-laminating-sheets-9-x-12-inches,Automotive,1/16/2026 7:54pm
"STAPLES Steno Notepads, 6 x 9 Inch, Gregg Ruled, Top...","Upgrade your lighting with this energy-efficient LED solution. Provides bright, consistent illumination while reducing energy costs. Easy to install and built to last, offering reliable performance for years. Perfect for enhancing ambiance, improving visibility, or replacing outdated lighting fixtures.",https://m.media-amazon.com/images/I/31yx5NR4ILL.jpg,https://www.amazon.com/dp/B00WMP0XTY?tag=trueessent001-20,staples-steno-notepads-6-x-9-inch-gregg-ruled-top,,1/16/2026 7:55pm
Sharpie Permanent Markers Ultra Fine Tip Markers Set...,Experience the quality and reliability of this premium set. Carefully designed with attention to detail and built to meet high standards. Popular among customers for its excellent value and dependable performance. Perfect for those seeking a trustworthy solution that delivers on its promises. See why customers recommend this choice!,https://m.media-amazon.com/images/I/31KlsM82pyL.jpg,https://www.amazon.com/dp/B00006IFI3?tag=trueessent001-20,sharpie-permanent-markers-ultra-fine-tip-markers-set,,1/16/2026 7:56pm
Sharpie Permanent Markers Ultra Fine Tip Markers Set...,Experience the quality and reliability of this premium set. Carefully designed with attention to detail and built to meet high standards. Popular among customers for its excellent value and dependable performance. Perfect for those seeking a trustworthy solution that delivers on its promises. See why customers recommend this choice!,https://m.media-amazon.com/images/I/31KlsM82pyL.jpg,https://www.amazon.com/dp/B00006IFI3?tag=trueessent001-20,sharpie-permanent-markers-ultra-fine-tip-markers-set,,1/16/2026 7:56pm
"BIC Gelocity Quick Dry Assorted Colors Gel Pens, Medium...",Experience the quality and reliability of this premium medium. Carefully designed with attention to detail and built to meet high standards. Popular among customers for its excellent value and dependable performance. Perfect for those seeking a trustworthy solution that delivers on its promises. See why customers recommend this choice!,https://m.media-amazon.com/images/I/51z8kaqSemL.jpg,https://www.amazon.com/dp/B01N5TKJBH?tag=trueessent001-20,bic-gelocity-quick-dry-assorted-colors-gel-pens-medium,Automotive,1/16/2026 7:59pm
"BIC Xtra-Smooth Mechanical Pencils with Erasers, Medium...",Experience the quality and reliability of this premium medium. Carefully designed with attention to detail and built to meet high standards. Popular among customers for its excellent value and dependable performance. Perfect for those seeking a trustworthy solution that delivers on its promises. See why customers recommend this choice!,https://m.media-amazon.com/images/I/41NSEAyXKJL.jpg,https://www.amazon.com/dp/B00260X7F2?tag=trueessent001-20,bic-xtra-smooth-mechanical-pencils-with-erasers-medium,Automotive,1/16/2026 8:01pm
Verbatim CD-RW 700MB 2X-4X DataLifePlus Silver Inkjet...,Experience the quality and reliability of this premium inkjet. Carefully designed with attention to detail and built to meet high standards. Popular among customers for its excellent value and dependable performance. Perfect for those seeking a trustworthy solution that delivers on its promises. See why customers recommend this choice!,https://m.media-amazon.com/images/I/51KLvl6FPhL.jpg,https://www.amazon.com/dp/B000BM3ZBI?tag=trueessent001-20,verbatim-cd-rw-700mb-2x-4x-datalifeplus-silver-inkjet,Automotive,1/16/2026 8:01pm
PrintWorks White Cardstock 8.5&#34; x 11&#34; - 67 lb/147...,Experience the quality and reliability of this premium lb/147. Carefully designed with attention to detail and built to meet high standards. Popular among customers for its excellent value and dependable performance. Perfect for those seeking a trustworthy solution that delivers on its promises. See why customers recommend this choice!,https://m.media-amazon.com/images/I/41k97BuiQeL.jpg,https://www.amazon.com/dp/B07QNMF4ZP?tag=trueessent001-20,printworks-white-cardstock-8534-x-1134---67-lb147,Automotive,1/16/2026 8:03pm
"Staples Multipurpose Copy Printer Paper, 20 lb, 8.5 x 11...",Experience the quality and reliability of this premium 8.5. Carefully designed with attention to detail and built to meet high standards. Popular among customers for its excellent value and dependable performance. Perfect for those seeking a trustworthy solution that delivers on its promises. See why customers recommend this choice!,https://m.media-amazon.com/images/I/4148p+lxGtL.jpg,https://www.amazon.com/dp/B00B99RSCO?tag=trueessent001-20,staples-multipurpose-copy-printer-paper-20-lb-85-x-11,Automotive,1/16/2026 8:04pm
PROCELL Constant AAA Long-Lasting Alkaline Batteries (144...,Experience the quality and reliability of this premium (144. Carefully designed with attention to detail and built to meet high standards. Popular among customers for its excellent value and dependable performance. Perfect for those seeking a trustworthy solution that delivers on its promises. See why customers recommend this choice!,https://m.media-amazon.com/images/I/518MPxuX5pL.jpg,https://www.amazon.com/dp/B07SVPB4XX?tag=trueessent001-20,procell-constant-aaa-long-lasting-alkaline-batteries-144,Automotive,1/16/2026 8:08pm
PROCELL Constant AA Long-Lasting Alkaline Batteries (144...,Experience the quality and reliability of this premium (144. Carefully designed with attention to detail and built to meet high standards. Popular among customers for its excellent value and dependable performance. Perfect for those seeking a trustworthy solution that delivers on its promises. See why customers recommend this choice!,https://m.media-amazon.com/images/I/21732JgpQUL.jpg,https://www.amazon.com/dp/B002GK1G78?tag=trueessent001-20,procell-constant-aa-long-lasting-alkaline-batteries-144,Automotive,1/16/2026 8:09pm
PROCELL Constant D Cell Long-Lasting Alkaline Batteries...,Experience the quality and reliability of this premium batteries. Carefully designed with attention to detail and built to meet high standards. Popular among customers for its excellent value and dependable performance. Perfect for those seeking a trustworthy solution that delivers on its promises. See why customers recommend this choice!,https://m.media-amazon.com/images/I/31ATytI9YeL.jpg,https://www.amazon.com/dp/B00BGIWCV0?tag=trueessent001-20,procell-constant-d-cell-long-lasting-alkaline-batteries,Automotive,1/16/2026 8:10pm
PROCELL Constant 9V Long-Lasting Alkaline Batteries (72...,Experience the quality and reliability of this premium (72. Carefully designed with attention to detail and built to meet high standards. Popular among customers for its excellent value and dependable performance. Perfect for those seeking a trustworthy solution that delivers on its promises. See why customers recommend this choice!,https://m.media-amazon.com/images/I/519clNxcNFL.jpg,https://www.amazon.com/dp/B00BGIVI1K?tag=trueessent001-20,procell-constant-9v-long-lasting-alkaline-batteries-72,Automotive,1/16/2026 8:13pm
Tenergy TN160 12-Bay LCD NiMH/NiCD AAA/AA Battery Charger...,Experience the quality and reliability of this premium charger. Carefully designed with attention to detail and built to meet high standards. Popular among customers for its excellent value and dependable performance. Perfect for those seeking a trustworthy solution that delivers on its promises. See why customers recommend this choice!,https://m.media-amazon.com/images/I/51KLvl6FPhL.jpg,https://www.amazon.com/dp/B0089PK3ZK?tag=trueessent001-20,tenergy-tn160-12-bay-lcd-nimhnicd-aaaaa-battery-charger,,1/16/2026 8:26pm
"Tenergy Centura AAA NIMH Rechargeable Battery, 800mAh Low...",Experience the quality and reliability of this premium low. Carefully designed with attention to detail and built to meet high standards. Popular among customers for its excellent value and dependable performance. Perfect for those seeking a trustworthy solution that delivers on its promises. See why customers recommend this choice!,https://m.media-amazon.com/images/I/3125nm3JFhL.jpg,https://www.amazon.com/dp/B0040ZXX28?tag=trueessent001-20,tenergy-centura-aaa-nimh-rechargeable-battery-800mah-low,Automotive,1/16/2026 8:28pm
"Toptekits CEE7/7 European 220V Power Cords, 16A 250V,...",Experience the quality and reliability of this premium kit. Carefully designed with attention to detail and built to meet high standards. Popular among customers for its excellent value and dependable performance. Perfect for those seeking a trustworthy solution that delivers on its promises. See why customers recommend this choice!,https://m.media-amazon.com/images/I/21732JgpQUL.jpg,https://www.amazon.com/dp/B0BLB451H3?tag=trueessent001-20,toptekits-cee77-european-220v-power-cords-16a-250v,,1/16/2026 8:34pm
"OM SYSTEM Tough TG-7 Red Digital Camera, Waterproof,...","Protect what matters most with this advanced security solution. Features cutting-edge technology for reliable monitoring and peace of mind. Easy to set up and integrate with existing systems. Whether for home or business use, this device provides the security features you need to stay protected.",https://m.media-amazon.com/images/I/31tW8w8AiZL.jpg,https://www.amazon.com/dp/B0CGLZZ9GC?tag=trueessent001-20,om-system-tough-tg-7-red-digital-camera-waterproof,,1/16/2026 8:38pm
"Amazon Basics Sticky Easel Pads for Presentations, 25 x...","Experience the quality and reliability of this premium presentations,. Carefully designed with attention to detail and built to meet high standards. Popular among customers for its excellent value and dependable performance. Perfect for those seeking a trustworthy solution that delivers on its promises. See why customers recommend this choice!",https://m.media-amazon.com/images/I/31yx5NR4ILL.jpg,https://www.amazon.com/dp/B0BH98Y9WH?tag=trueessent001-20,amazon-basics-sticky-easel-pads-for-presentations-25-x,Automotive,1/16/2026 8:48pm
"Office Depot(R) Easel Pad Markers, 100% Recycled,...","Upgrade your lighting with this energy-efficient LED solution. Provides bright, consistent illumination while reducing energy costs. Easy to install and built to last, offering reliable performance for years. Perfect for enhancing ambiance, improving visibility, or replacing outdated lighting fixtures.",https://m.media-amazon.com/images/I/31KlsM82pyL.jpg,https://www.amazon.com/dp/B00X67VF94?tag=trueessent001-20,office-depotr-easel-pad-markers-100-recycled,,1/16/2026 8:50pm
"HP OfficeJet 250 Wireless Mobile Printer, Scanner, Copier...",Experience the quality and reliability of this premium copier. Carefully designed with attention to detail and built to meet high standards. Popular among customers for its excellent value and dependable performance. Perfect for those seeking a trustworthy solution that delivers on its promises. See why customers recommend this choice!,https://m.media-amazon.com/images/I/21GDW8wMroL.jpg,https://www.amazon.com/dp/B01HGD8R5S?tag=trueessent001-20,hp-officejet-250-wireless-mobile-printer-scanner-copier,,1/16/2026 8:53pm
HP 62 Black/Tri-Color Ink (2-Pack) | Works with Envy...,Experience the quality and reliability of this premium envy. Carefully designed with attention to detail and built to meet high standards. Popular among customers for its excellent value and dependable performance. Perfect for those seeking a trustworthy solution that delivers on its promises. See why customers recommend this choice!,https://m.media-amazon.com/images/I/41ZELNxXPCL.jpg,https://www.amazon.com/dp/B01644VWZM?tag=trueessent001-20,hp-62-blacktri-color-ink-2-pack--works-with-envy,Automotive,1/16/2026 8:55pm
"Universal International Plug Travel Adapter, 6 in 1 Wall...",Experience the quality and reliability of this premium adapter. Carefully designed with attention to detail and built to meet high standards. Popular among customers for its excellent value and dependable performance. Perfect for those seeking a trustworthy solution that delivers on its promises. See why customers recommend this choice!,https://m.media-amazon.com/images/I/21Zvu4mFe9L.jpg,https://www.amazon.com/dp/B0DYY72CW5?tag=trueessent001-20,universal-international-plug-travel-adapter-6-in-1-wall,Automotive,1/16/2026 9:03pm
"Universal Travel Adapter, VYLEE 5 in 1 International...",Experience the quality and reliability of this premium adapter. Carefully designed with attention to detail and built to meet high standards. Popular among customers for its excellent value and dependable performance. Perfect for those seeking a trustworthy solution that delivers on its promises. See why customers recommend this choice!,https://m.media-amazon.com/images/I/21732JgpQUL.jpg,https://www.amazon.com/dp/B0CX1NWRZL?tag=trueessent001-20,universal-travel-adapter-vylee-5-in-1-international,Automotive,1/16/2026 9:03pm
VCT - 220V/240V AC 13A Universal Surge Protector / Power...,Experience the quality and reliability of this premium power. Carefully designed with attention to detail and built to meet high standards. Popular among customers for its excellent value and dependable performance. Perfect for those seeking a trustworthy solution that delivers on its promises. See why customers recommend this choice!,https://m.media-amazon.com/images/I/21Zvu4mFe9L.jpg,https://www.amazon.com/dp/B000784H4K?tag=trueessent001-20,vct---220v240v-ac-13a-universal-surge-protector--power,Automotive,1/16/2026 9:04pm
"Logitech Wireless Presenter R400, PowerPoint Clicker with...","Stay ahead with this innovative electronic device that combines cutting-edge technology with user-friendly design. Perfect for tech enthusiasts and everyday users alike, it delivers reliable performance and modern features. Enhance your digital lifestyle with this versatile and practical solution.",https://m.media-amazon.com/images/I/41msggSuaoL._AC_SL1000_.jpg,https://www.amazon.com/dp/B002GHBUTK?tag=trueessent001-20,logitech-wireless-presenter-r400-powerpoint-clicker-with,,1/16/2026 9:06pm
"Anker USB Hub 4 Ports, Multiple USB 3.0 Hub, USB Splitter...",Experience the quality and reliability of this premium splitter. Carefully designed with attention to detail and built to meet high standards. Popular among customers for its excellent value and dependable performance. Perfect for those seeking a trustworthy solution that delivers on its promises. See why customers recommend this choice!,https://m.media-amazon.com/images/I/31ATytI9YeL.jpg,https://www.amazon.com/dp/B07L32B9C2?tag=trueessent001-20,anker-usb-hub-4-ports-multiple-usb-30-hub-usb-splitter,,1/16/2026 9:07pm
LAPLINK - USB 2.0 High Speed Transfer Cable - USB Data...,Experience the quality and reliability of this premium cable. Carefully designed with attention to detail and built to meet high standards. Popular among customers for its excellent value and dependable performance. Perfect for those seeking a trustworthy solution that delivers on its promises. See why customers recommend this choice!,https://m.media-amazon.com/images/I/21on5Hh-KqL.jpg,https://www.amazon.com/dp/B0093H83DW?tag=trueessent001-20,laplink---usb-20-high-speed-transfer-cable---usb-data,,1/16/2026 9:09pm
Kensington ClickSafe 2.0 Keyed Cable Lock for Laptops...,Experience the quality and reliability of this premium cable. Carefully designed with attention to detail and built to meet high standards. Popular among customers for its excellent value and dependable performance. Perfect for those seeking a trustworthy solution that delivers on its promises. See why customers recommend this choice!,https://m.media-amazon.com/images/I/21on5Hh-KqL.jpg,https://www.amazon.com/dp/B071PDTQQ2?tag=trueessent001-20,kensington-clicksafe-20-keyed-cable-lock-for-laptops,,1/16/2026 9:11pm
"Anker HDMI Cable 8K@60Hz, 6FT Ultra HD 4K@120Hz HDMI...",Experience the quality and reliability of this premium cable. Carefully designed with attention to detail and built to meet high standards. Popular among customers for its excellent value and dependable performance. Perfect for those seeking a trustworthy solution that delivers on its promises. See why customers recommend this choice!,https://m.media-amazon.com/images/I/21732JgpQUL.jpg,https://www.amazon.com/dp/B0CFV3C779?tag=trueessent001-20,anker-hdmi-cable-8k60hz-6ft-ultra-hd-4k120hz-hdmi,,1/16/2026 9:15pm
"Anker HDMI Cable 8K@60Hz, 10FT Ultra HD 4K@120Hz HDMI...",Experience the quality and reliability of this premium cable. Carefully designed with attention to detail and built to meet high standards. Popular among customers for its excellent value and dependable performance. Perfect for those seeking a trustworthy solution that delivers on its promises. See why customers recommend this choice!,https://m.media-amazon.com/images/I/21732JgpQUL.jpg,https://www.amazon.com/dp/B0CGX2QS9Y?tag=trueessent001-20,anker-hdmi-cable-8k60hz-10ft-ultra-hd-4k120hz-hdmi,,1/16/2026 9:15pm
"SanDisk 1TB Extreme Portable SSD - Up to 1050MB/s, USB-C,...","Tired of running out of storage on the go? The SanDisk 1TB Extreme Portable SSD is your ultimate solution. With speeds up to 1050MB/s, say goodbye to slow file transfers and hello to efficiency. Worried about data security? Relax, the 256‐bit AES hardware encryption keeps your files safe. Need to free up space? The SanDisk Memory Zone app has got you covered. Plus, the carabiner loop makes it easy to keep your SSD close wherever you go. Choose convenience, choose security, choose seamless file management. Upgrade your storage game now!",https://m.media-amazon.com/images/I/21on5Hh-KqL.jpg,https://www.amazon.com/dp/B08GTYFC37?tag=trueessent001-20,sandisk-1tb-extreme-portable-ssd---up-to-1050mbs-usb-c,,1/16/2026 9:17pm
Logitech MX Anywhere 2S Bluetooth Edition Compact...,"Stay ahead with this innovative electronic device that combines cutting-edge technology with user-friendly design. Perfect for tech enthusiasts and everyday users alike, it delivers reliable performance and modern features. Enhance your digital lifestyle with this versatile and practical solution.",https://m.media-amazon.com/images/I/21on5Hh-KqL.jpg,https://www.amazon.com/dp/B0CJXQVMHL?tag=trueessent001-20,logitech-mx-anywhere-2s-bluetooth-edition-compact,,1/16/2026 9:20pm
"kstime Computer Speakers with Bluetooth 5.4, 14W Bass...",Experience the quality and reliability of this premium bass. Carefully designed with attention to detail and built to meet high standards. Popular among customers for its excellent value and dependable performance. Perfect for those seeking a trustworthy solution that delivers on its promises. See why customers recommend this choice!,https://m.media-amazon.com/images/I/21732JgpQUL.jpg,https://www.amazon.com/dp/B0FYBNV1HL?tag=trueessent001-20,kstime-computer-speakers-with-bluetooth-54-14w-bass,,1/16/2026 9:23pm
Logitech Signature M550 L Full Size Wireless Mouse - for...,"Stay ahead with this innovative electronic device that combines cutting-edge technology with user-friendly design. Perfect for tech enthusiasts and everyday users alike, it delivers reliable performance and modern features. Enhance your digital lifestyle with this versatile and practical solution.",https://m.media-amazon.com/images/I/21on5Hh-KqL.jpg,https://www.amazon.com/dp/B0CPSP33T8?tag=trueessent001-20,logitech-signature-m550-l-full-size-wireless-mouse---for,,1/16/2026 9:25pm
"Epson PowerLite 1751, XGA, 2600 Lumens Color Brightness,...","Experience the quality and reliability of this premium brightness,. Carefully designed with attention to detail and built to meet high standards. Popular among customers for its excellent value and dependable performance. Perfect for those seeking a trustworthy solution that delivers on its promises. See why customers recommend this choice!",https://m.media-amazon.com/images/I/21732JgpQUL.jpg,https://www.amazon.com/dp/B0082CG8AO?tag=trueessent001-20,epson-powerlite-1751-xga-2600-lumens-color-brightness,Automotive,1/16/2026 9:27pm
Huaute Replacement Lamp Bulb with Housing for Epson for...,"Upgrade your lighting with this energy-efficient LED solution. Provides bright, consistent illumination while reducing energy costs. Easy to install and built to last, offering reliable performance for years. Perfect for enhancing ambiance, improving visibility, or replacing outdated lighting fixtures.",https://m.media-amazon.com/images/I/51KLvl6FPhL.jpg,https://www.amazon.com/dp/B0863JZHFD?tag=trueessent001-20,huaute-replacement-lamp-bulb-with-housing-for-epson-for,,1/16/2026 9:29pm
"Leankle Air Filter Replacement for Epson ELPAF31/ ,...",Experience the quality and reliability of this premium elpaf31/. Carefully designed with attention to detail and built to meet high standards. Popular among customers for its excellent value and dependable performance. Perfect for those seeking a trustworthy solution that delivers on its promises. See why customers recommend this choice!,https://m.media-amazon.com/images/I/21Zvu4mFe9L.jpg,https://www.amazon.com/dp/B097K3XWQB?tag=trueessent001-20,leankle-air-filter-replacement-for-epson-elpaf31-,Automotive,1/16/2026 9:30pm
LG GP65NB60 8X USB 2.0 Super Multi Ultra Slim Portable...,Experience the quality and reliability of this premium portable. Carefully designed with attention to detail and built to meet high standards. Popular among customers for its excellent value and dependable performance. Perfect for those seeking a trustworthy solution that delivers on its promises. See why customers recommend this choice!,https://m.media-amazon.com/images/I/21on5Hh-KqL.jpg,https://www.amazon.com/dp/B00ODDE33U?tag=trueessent001-20,lg-gp65nb60-8x-usb-20-super-multi-ultra-slim-portable,,1/16/2026 9:32pm
"Microsoft Office Home 2024 | One time purchase, 1 Device...","Stay ahead with this innovative electronic device that combines cutting-edge technology with user-friendly design. Perfect for tech enthusiasts and everyday users alike, it delivers reliable performance and modern features. Enhance your digital lifestyle with this versatile and practical solution.",https://m.media-amazon.com/images/I/31YAaR-JgPL.jpg,https://www.amazon.com/dp/B0DK29FP4Z?tag=trueessent001-20,microsoft-office-home-2024--one-time-purchase-1-device,,1/16/2026 9:44pm
PROCELL Constant 9V Long-Lasting Alkaline Batteries (72...,Experience the quality and reliability of this premium (72. Carefully designed with attention to detail and built to meet high standards. Popular among customers for its excellent value and dependable performance. Perfect for those seeking a trustworthy solution that delivers on its promises. See why customers recommend this choice!,https://m.media-amazon.com/images/I/519clNxcNFL.jpg,https://www.amazon.com/dp/B00BGIVI1K?tag=trueessent001-20,procell-constant-9v-long-lasting-alkaline-batteries-72,Automotive,1/16/2026 9:51pm
"Make: Electronics Third Edition Kit 1 Deluxe - Beginner,...","Stay ahead with this innovative electronic device that combines cutting-edge technology with user-friendly design. Perfect for tech enthusiasts and everyday users alike, it delivers reliable performance and modern features. Enhance your digital lifestyle with this versatile and practical solution.",https://m.media-amazon.com/images/I/31tW8w8AiZL.jpg,https://www.amazon.com/dp/B09HL84X33?tag=trueessent001-20,make-electronics-third-edition-kit-1-deluxe---beginner,,1/16/2026 10:00pm
"Panasonic Toughbook FZ-55 MK3, Intel Core i5-13th Gen...",Experience the quality and reliability of this premium gen. Carefully designed with attention to detail and built to meet high standards. Popular among customers for its excellent value and dependable performance. Perfect for those seeking a trustworthy solution that delivers on its promises. See why customers recommend this choice!,https://m.media-amazon.com/images/I/21on5Hh-KqL.jpg,https://www.amazon.com/dp/B0FLLQC9X1?tag=trueessent001-20,panasonic-toughbook-fz-55-mk3-intel-core-i5-13th-gen,,1/16/2026 10:07pm
"24&#34; x 300&#39; Roll of Clear Transfer Tape for Vinyl,...","Experience the quality and reliability of this premium vinyl,. Carefully designed with attention to detail and built to meet high standards. Popular among customers for its excellent value and dependable performance. Perfect for those seeking a trustworthy solution that delivers on its promises. See why customers recommend this choice!",https://m.media-amazon.com/images/I/21GDW8wMroL.jpg,https://www.amazon.com/dp/B0856P8356?tag=trueessent001-20,2434-x-30039-roll-of-clear-transfer-tape-for-vinyl,Automotive,1/23/2026 10:13am
Gamesaver Weston Commercial Puncture Prevention,Experience the quality and reliability of this premium prevention. Carefully designed with attention to detail and built to meet high standards. Popular among customers for its excellent value and dependable performance. Perfect for those seeking a trustworthy solution that delivers on its promises. See why customers recommend this choice!,https://via.placeholder.com/400x400/f8fafc/475569?text=Amazon%2BProduct,https://www.amazon.com/dp/B07TV4KRCL?tag=trueessent001-20,gamesaver-weston-commercial-puncture-prevention,,1/27/2026 9:41am
Tools STRAIT LINE Flagging 150 Foot 65603,Experience the quality and reliability of this premium tool. Carefully designed with attention to detail and built to meet high standards. Popular among customers for its excellent value and dependable performance. Perfect for those seeking a trustworthy solution that delivers on its promises. See why customers recommend this choice!,https://via.placeholder.com/400x400/f8fafc/475569?text=Kitchen%2BTools,https://www.amazon.com/dp/B00004YOBV?tag=trueessent001-20,tools-strait-line-flagging-150-foot-65603,,1/27/2026 10:18am
WEREWOLVES Paracord Parachute Crafting Bracelets,Experience the quality and reliability of this premium bracelets. Carefully designed with attention to detail and built to meet high standards. Popular among customers for its excellent value and dependable performance. Perfect for those seeking a trustworthy solution that delivers on its promises. See why customers recommend this choice!,https://m.media-amazon.com/images/I/31tW8w8AiZL.jpg,https://www.amazon.com/dp/B0CXDJTKFF?tag=trueessent001-20,werewolves-paracord-parachute-crafting-bracelets,,1/27/2026 10:20am
"Waterproof Notebook, 8 Pack Top-Spiral Pocket Notepad,...","Experience the quality and reliability of this premium notepad,. Carefully designed with attention to detail and built to meet high standards. Popular among customers for its excellent value and dependable performance. Perfect for those seeking a trustworthy solution that delivers on its promises. See why customers recommend this choice!",https://m.media-amazon.com/images/I/41Grpq32eTL.jpg,https://www.amazon.com/dp/B0DSMYW8MC?tag=trueessent001-20,waterproof-notebook-8-pack-top-spiral-pocket-notepad,,1/27/2026 12:09pm
Quality Product,Experience the quality and reliability of this premium product. Carefully designed with attention to detail and built to meet high standards. Popular among customers for its excellent value and dependable performance. Perfect for those seeking a trustworthy solution that delivers on its promises. See why customers recommend this choice!,https://via.placeholder.com/400x400/f8fafc/475569?text=Amazon%2BProduct,https://www.amazon.com/dp/B07F5P45WL?tag=trueessent001-20,quality-product,Automotive,2/3/2026 10:06am
Mechanix Wear: The Original Covert Tactical Work Gloves...,"Built for adventure and designed to perform in challenging conditions. This rugged outdoor gear combines durability with functionality, making it perfect for camping, hiking, tactical applications, or everyday carry. Weather-resistant construction ensures reliable performance when you need it most.",https://m.media-amazon.com/images/I/411UTszamhL.jpg,https://www.amazon.com/dp/B0001VNZUK?tag=trueessent001-20,mechanix-wear-the-original-covert-tactical-work-gloves,,2/3/2026 1:31pm
Garrett 1165900 Handheld Detector Plastic,Experience the quality and reliability of this premium plastic. Carefully designed with attention to detail and built to meet high standards. Popular among customers for its excellent value and dependable performance. Perfect for those seeking a trustworthy solution that delivers on its promises. See why customers recommend this choice!,https://m.media-amazon.com/images/I/21ydTx017uL.jpg,https://www.amazon.com/dp/B000EEH5HS?tag=trueessent001-20,garrett-1165900-handheld-detector-plastic,Automotive,2/3/2026 1:50pm
"(Pack of 120) I-Type 9V Battery Connector, 9 Volt Battery...",Experience the quality and reliability of this premium battery. Carefully designed with attention to detail and built to meet high standards. Popular among customers for its excellent value and dependable performance. Perfect for those seeking a trustworthy solution that delivers on its promises. See why customers recommend this choice!,https://m.media-amazon.com/images/I/41ITB4wWJPL.jpg,https://www.amazon.com/dp/B09JLD8R4R?tag=trueessent001-20,pack-of-120-i-type-9v-battery-connector-9-volt-battery,Automotive,2/4/2026 9:43am
DC 3-24V Electronic Buzzer Alarm Sounder Continuous Beep...,"Protect what matters most with this advanced security solution. Features cutting-edge technology for reliable monitoring and peace of mind. Easy to set up and integrate with existing systems. Whether for home or business use, this device provides the security features you need to stay protected.",https://m.media-amazon.com/images/I/31cY+-R85iL.jpg,https://www.amazon.com/dp/B07QBP1W5L?tag=trueessent001-20,dc-3-24v-electronic-buzzer-alarm-sounder-continuous-beep,,2/4/2026 9:46am
6Pcs 4 AA Battery Holder Leads 4 x 1.5V(6V) with 6Pcs 9V...,Experience the quality and reliability of this premium holder. Carefully designed with attention to detail and built to meet high standards. Popular among customers for its excellent value and dependable performance. Perfect for those seeking a trustworthy solution that delivers on its promises. See why customers recommend this choice!,https://m.media-amazon.com/images/I/41ITB4wWJPL.jpg,https://www.amazon.com/dp/B0G57C4QLQ?tag=trueessent001-20,6pcs-4-aa-battery-holder-leads-4-x-15v6v-with-6pcs-9v,Automotive,2/4/2026 9:50am
"(Pack of 4) 4 AA Battery Holder with ON/Off Switch, 4...","Tired of hunting for batteries when devices die? Say hello to convenience with our (Pack of 4) AA Battery Holders. No more fumbling around – just slide in your AA batteries and flip the switch to power up your clocks, toys, and DIY projects instantly. The secure screw-on cover ensures your batteries stay put, saving you from unexpected drops. Plus, the stainless steel spring makes installation a breeze, without risking damage to other parts. With a bottom screw hole and preinstalled wire, this holder is a game-changer for any gadget enthusiast. Make life easier – grab your pack now!",https://m.media-amazon.com/images/I/41ITB4wWJPL.jpg,https://www.amazon.com/dp/B0D98B4FMH?tag=trueessent001-20,pack-of-4-4-aa-battery-holder-with-onoff-switch-4,,2/4/2026 9:52am
6 Wire Washer Shaft Control Timer for Semi-Automatic...,Experience the quality and reliability of this premium semi-automatic. Carefully designed with attention to detail and built to meet high standards. Popular among customers for its excellent value and dependable performance. Perfect for those seeking a trustworthy solution that delivers on its promises. See why customers recommend this choice!,https://m.media-amazon.com/images/I/31cY+-R85iL.jpg,https://www.amazon.com/dp/B0DSFVCYL5?tag=trueessent001-20,6-wire-washer-shaft-control-timer-for-semi-automatic,Automotive,2/4/2026 9:55am
"TUOFENG 22 AWG Wire Solid Core Hookup Wire, 6 Different...",Experience the quality and reliability of this premium different. Carefully designed with attention to detail and built to meet high standards. Popular among customers for its excellent value and dependable performance. Perfect for those seeking a trustworthy solution that delivers on its promises. See why customers recommend this choice!,https://m.media-amazon.com/images/I/31cY+-R85iL.jpg,https://www.amazon.com/dp/B07TX6BX47?tag=trueessent001-20,tuofeng-22-awg-wire-solid-core-hookup-wire-6-different,Automotive,2/4/2026 9:58am
SDTC Tech 2-Pack 2 Slot D Cell Battery Holder 3V D Size...,"Stay ahead with this innovative electronic device that combines cutting-edge technology with user-friendly design. Perfect for tech enthusiasts and everyday users alike, it delivers reliable performance and modern features. Enhance your digital lifestyle with this versatile and practical solution.",https://m.media-amazon.com/images/I/41ITB4wWJPL.jpg,https://www.amazon.com/dp/B08598XYWC?tag=trueessent001-20,sdtc-tech-2-pack-2-slot-d-cell-battery-holder-3v-d-size,,2/4/2026 9:59am
"(Pack of 12 2 X 1.5V AAA Battery Holder with Leads, AAA...","Tired of constantly replacing AAA batteries in your devices? Say hello to convenience with our Pack of 12 2 X 1.5V AAA Battery Holder with Leads! No more scrambling for fresh batteries when you need them most. With a voltage output of 3V, these holders keep your gadgets powered up longer. Their compact size and lightweight design make them ideal for on-the-go use. Whether it's for your remote control or kid's toys, these holders ensure your devices stay operational. Trust us, these holders are a game-changer compared to single-use batteries. Take charge of your energy needs today!",https://m.media-amazon.com/images/I/41ITB4wWJPL.jpg,https://www.amazon.com/dp/B07CSXD875?tag=trueessent001-20,pack-of-12-2-x-15v-aaa-battery-holder-with-leads-aaa,,2/4/2026 10:00am
"6PCS 9V Battery Holder,9 Volt Battery Holder with...",Experience the quality and reliability of this premium holder. Carefully designed with attention to detail and built to meet high standards. Popular among customers for its excellent value and dependable performance. Perfect for those seeking a trustworthy solution that delivers on its promises. See why customers recommend this choice!,https://m.media-amazon.com/images/I/41ITB4wWJPL.jpg,https://www.amazon.com/dp/B09XBKT1DG?tag=trueessent001-20,6pcs-9v-battery-holder9-volt-battery-holder-with,Automotive,2/4/2026 10:02am
6PCS 2 x 1.5V AA Battery Holder Enclosures with Wire...,"Tired of constantly replacing batteries? Say hello to convenience with our 6PCS 2 x 1.5V AA Battery Holder Enclosures. Keep your devices powered up effortlessly with the easy-to-install dual battery box featuring a handy ON/OFF switch. Made from durable materials, these holders are built to last and won't crack easily. Each pack includes 6 holders, ensuring you always have a fresh power source at hand. Perfect for remote controls, toys, and more, these holders make battery replacement a breeze. Upgrade to hassle-free power solutions today!",https://m.media-amazon.com/images/I/41ITB4wWJPL.jpg,https://www.amazon.com/dp/B0CSFFDN56?tag=trueessent001-20,6pcs-2-x-15v-aa-battery-holder-enclosures-with-wire,Automotive,2/4/2026 10:02am
"Aniann 1280 Pieces 64 Values Resistor Kit, 1% Assorted...",Experience the quality and reliability of this premium kit. Carefully designed with attention to detail and built to meet high standards. Popular among customers for its excellent value and dependable performance. Perfect for those seeking a trustworthy solution that delivers on its promises. See why customers recommend this choice!,https://m.media-amazon.com/images/I/31cY+-R85iL.jpg,https://www.amazon.com/dp/B07L851T3V?tag=trueessent001-20,aniann-1280-pieces-64-values-resistor-kit-1-assorted,Automotive,2/4/2026 10:03am
50PCS 100% New C106DG C106 C106D TO-126 Chipset New 2026...,Experience the quality and reliability of this premium set. Carefully designed with attention to detail and built to meet high standards. Popular among customers for its excellent value and dependable performance. Perfect for those seeking a trustworthy solution that delivers on its promises. See why customers recommend this choice!,https://m.media-amazon.com/images/I/416Mw5uHYQL.jpg,https://www.amazon.com/dp/B0GHMQW519?tag=trueessent001-20,50pcs-100-new-c106dg-c106-c106d-to-126-chipset-new-2026,Automotive,2/4/2026 10:05am
"(Pack of 120) I-Type 9V Battery Connector, 9 Volt Battery...",Experience the quality and reliability of this premium battery. Carefully designed with attention to detail and built to meet high standards. Popular among customers for its excellent value and dependable performance. Perfect for those seeking a trustworthy solution that delivers on its promises. See why customers recommend this choice!,https://m.media-amazon.com/images/I/41ITB4wWJPL.jpg,https://www.amazon.com/dp/B09JLD8R4R?tag=trueessent001-20,pack-of-120-i-type-9v-battery-connector-9-volt-battery,Automotive,2/4/2026 10:14am
DieseRC DC 12V Wireless Radio Remote Control Switch 2 RF...,Experience the quality and reliability of this premium switch. Carefully designed with attention to detail and built to meet high standards. Popular among customers for its excellent value and dependable performance. Perfect for those seeking a trustworthy solution that delivers on its promises. See why customers recommend this choice!,https://m.media-amazon.com/images/I/21GDW8wMroL.jpg,https://www.amazon.com/dp/B09YH6CJ81?tag=trueessent001-20,dieserc-dc-12v-wireless-radio-remote-control-switch-2-rf,,2/4/2026 10:29am
"hand2mind Plastic Mirrors, 4&#34; x 6&#34; (Pack of 4)",Experience the quality and reliability of this premium (pack. Carefully designed with attention to detail and built to meet high standards. Popular among customers for its excellent value and dependable performance. Perfect for those seeking a trustworthy solution that delivers on its promises. See why customers recommend this choice!,https://m.media-amazon.com/images/I/21GDW8wMroL.jpg,https://www.amazon.com/dp/B01MYXQ7E8?tag=trueessent001-20,hand2mind-plastic-mirrors-434-x-634-pack-of-4,Automotive,2/4/2026 10:31am
20 Mil Black Waterproof Tarp 12×15ft Heavy Duty Canvas...,Experience the quality and reliability of this premium canvas. Carefully designed with attention to detail and built to meet high standards. Popular among customers for its excellent value and dependable performance. Perfect for those seeking a trustworthy solution that delivers on its promises. See why customers recommend this choice!,https://m.media-amazon.com/images/I/31cY+-R85iL.jpg,https://www.amazon.com/dp/B0C2W1SJ7W?tag=trueessent001-20,20-mil-black-waterproof-tarp-1215ft-heavy-duty-canvas,,2/4/2026 10:36am
Dispensing Gun Kit Mixing Dispenser Gun with Mixing...,Experience the quality and reliability of this premium kit. Carefully designed with attention to detail and built to meet high standards. Popular among customers for its excellent value and dependable performance. Perfect for those seeking a trustworthy solution that delivers on its promises. See why customers recommend this choice!,https://m.media-amazon.com/images/I/31cY+-R85iL.jpg,https://www.amazon.com/dp/B0DCFMWDDX?tag=trueessent001-20,dispensing-gun-kit-mixing-dispenser-gun-with-mixing,Automotive,2/4/2026 10:38am
Decoder Relay Module AD22B04 12V 4 Channel DTMF Tone...,Experience the quality and reliability of this premium tone. Carefully designed with attention to detail and built to meet high standards. Popular among customers for its excellent value and dependable performance. Perfect for those seeking a trustworthy solution that delivers on its promises. See why customers recommend this choice!,https://m.media-amazon.com/images/I/21GDW8wMroL.jpg,https://www.amazon.com/dp/B07P5K6LF5?tag=trueessent001-20,decoder-relay-module-ad22b04-12v-4-channel-dtmf-tone,Automotive,2/4/2026 2:33pm
"50 Pcs Oil Absorbent Pads, 9.8 x 13 Inch Oil Spill Mat,...","Experience the quality and reliability of this premium mat,. Carefully designed with attention to detail and built to meet high standards. Popular among customers for its excellent value and dependable performance. Perfect for those seeking a trustworthy solution that delivers on its promises. See why customers recommend this choice!",https://m.media-amazon.com/images/I/31zsTEUGkDL.jpg,https://www.amazon.com/dp/B0DXKJ3ZHB?tag=trueessent001-20,50-pcs-oil-absorbent-pads-98-x-13-inch-oil-spill-mat,Automotive,2/5/2026 12:15pm
30pcs Brass Collet 2mm Brass Drill Chucks Mini Electric...,"This professional-grade cordless drill delivers the power and precision you need for any project. Features a high-performance motor, long-lasting battery, and ergonomic design for comfortable extended use. Perfect for drilling, driving screws, and tackle both light household tasks and demanding professional jobs. Trusted by contractors and DIY enthusiasts alike.",https://m.media-amazon.com/images/I/21Gh1zEvhxL.jpg,https://www.amazon.com/dp/B0CPSH74B1?tag=trueessent001-20,30pcs-brass-collet-2mm-brass-drill-chucks-mini-electric,,2/5/2026 12:21pm
Dykes 4.5&#34; Side Cutter Diagonal Wire Cutting Pliers...,Experience the quality and reliability of this premium pliers. Carefully designed with attention to detail and built to meet high standards. Popular among customers for its excellent value and dependable performance. Perfect for those seeking a trustworthy solution that delivers on its promises. See why customers recommend this choice!,https://m.media-amazon.com/images/I/21Gh1zEvhxL.jpg,https://www.amazon.com/dp/B0733NRF2C?tag=trueessent001-20,dykes-4534-side-cutter-diagonal-wire-cutting-pliers,Automotive,2/5/2026 12:27pm
"MEDVICE 4 Pack Medical Scissors, EMT and Trauma Shears -...",Experience the quality and reliability of this premium shears. Carefully designed with attention to detail and built to meet high standards. Popular among customers for its excellent value and dependable performance. Perfect for those seeking a trustworthy solution that delivers on its promises. See why customers recommend this choice!,https://m.media-amazon.com/images/I/21iQk96bIAL.jpg,https://www.amazon.com/dp/B0CF1J53HG?tag=trueessent001-20,medvice-4-pack-medical-scissors-emt-and-trauma-shears--,,2/5/2026 12:31pm
"4 Pack Butane Torch Lighter, Urgrette 6-inch Refillable...","Upgrade your lighting with this energy-efficient LED solution. Provides bright, consistent illumination while reducing energy costs. Easy to install and built to last, offering reliable performance for years. Perfect for enhancing ambiance, improving visibility, or replacing outdated lighting fixtures.",https://via.placeholder.com/400x400/f8fafc/475569?text=Amazon%2BProduct,https://www.amazon.com/dp/B0CNTGPYNX?tag=trueessent001-20,4-pack-butane-torch-lighter-urgrette-6-inch-refillable,,2/5/2026 12:38pm
Cynamed Rochester Carmalt Hemostatic Forceps with Cross...,Experience the quality and reliability of this premium cross. Carefully designed with attention to detail and built to meet high standards. Popular among customers for its excellent value and dependable performance. Perfect for those seeking a trustworthy solution that delivers on its promises. See why customers recommend this choice!,https://m.media-amazon.com/images/I/21iQk96bIAL.jpg,https://www.amazon.com/dp/B07WCFGHLP?tag=trueessent001-20,cynamed-rochester-carmalt-hemostatic-forceps-with-cross,Automotive,2/5/2026 12:40pm
PATIKIL Compression Spring 0.5 mm Wire Dia x 6 mm OD x 15...,Experience the quality and reliability of this premium dia. Carefully designed with attention to detail and built to meet high standards. Popular among customers for its excellent value and dependable performance. Perfect for those seeking a trustworthy solution that delivers on its promises. See why customers recommend this choice!,https://m.media-amazon.com/images/I/21Gh1zEvhxL.jpg,https://www.amazon.com/dp/B0F9PNFZL2?tag=trueessent001-20,patikil-compression-spring-05-mm-wire-dia-x-6-mm-od-x-15,Automotive,2/5/2026 2:45pm
MECCANIXITY Compression Spring 6 mm OD 0.5 mm Wire 10 mm...,Experience the quality and reliability of this premium wire. Carefully designed with attention to detail and built to meet high standards. Popular among customers for its excellent value and dependable performance. Perfect for those seeking a trustworthy solution that delivers on its promises. See why customers recommend this choice!,https://m.media-amazon.com/images/I/31VRfl+9OWL.jpg,https://www.amazon.com/dp/B0F9L7XJW4?tag=trueessent001-20,meccanixity-compression-spring-6-mm-od-05-mm-wire-10-mm,Automotive,2/5/2026 2:52pm
MECCANIXITY Compression Spring 6 mm OD 0.5 mm Wire 10 mm...,Experience the quality and reliability of this premium wire. Carefully designed with attention to detail and built to meet high standards. Popular among customers for its excellent value and dependable performance. Perfect for those seeking a trustworthy solution that delivers on its promises. See why customers recommend this choice!,https://m.media-amazon.com/images/I/31VRfl+9OWL.jpg,https://www.amazon.com/dp/B0F9L7XJW4?tag=trueessent001-20,meccanixity-compression-spring-6-mm-od-05-mm-wire-10-mm,Automotive,2/5/2026 3:02pm
"Compression Springs Assortment Kit, 15 Different Sizes...",Experience the quality and reliability of this premium kit. Carefully designed with attention to detail and built to meet high standards. Popular among customers for its excellent value and dependable performance. Perfect for those seeking a trustworthy solution that delivers on its promises. See why customers recommend this choice!,https://m.media-amazon.com/images/I/31VRfl+9OWL.jpg,https://www.amazon.com/dp/B08KD5Q2P7?tag=trueessent001-20,compression-springs-assortment-kit-15-different-sizes,Automotive,2/5/2026 3:07pm
Pelican 1600 Case With Foam (Black),Experience the quality and reliability of this premium case. Carefully designed with attention to detail and built to meet high standards. Popular among customers for its excellent value and dependable performance. Perfect for those seeking a trustworthy solution that delivers on its promises. See why customers recommend this choice!,https://m.media-amazon.com/images/I/31gVP3ec99L.jpg,https://www.amazon.com/dp/B0052599NC?tag=trueessent001-20,pelican-1600-case-with-foam-black,Automotive,2/6/2026 11:48am
"E-CLIPS USA Graph Paper Pad, Graph Paper Notebook, 4 x 4...","Experience the quality and reliability of this premium notebook,. Carefully designed with attention to detail and built to meet high standards. Popular among customers for its excellent value and dependable performance. Perfect for those seeking a trustworthy solution that delivers on its promises. See why customers recommend this choice!",https://via.placeholder.com/400x400/f8fafc/475569?text=Amazon%2BProduct,https://www.amazon.com/dp/B0CVMPTF32?tag=trueessent001-20,e-clips-usa-graph-paper-pad-graph-paper-notebook-4-x-4,,2/9/2026 10:39am
"E-CLIPS USA Graph Paper Pad, Graph Paper Notebook, 4 x 4...","Experience the quality and reliability of this premium notebook,. Carefully designed with attention to detail and built to meet high standards. Popular among customers for its excellent value and dependable performance. Perfect for those seeking a trustworthy solution that delivers on its promises. See why customers recommend this choice!",https://m.media-amazon.com/images/I/31ZYAiiEzML.jpg,https://www.amazon.com/dp/B0CVMPTF32?tag=trueessent001-20,e-clips-usa-graph-paper-pad-graph-paper-notebook-4-x-4,,2/9/2026 10:39am
"Ampad Efficiency Quadrille Pad, 8-1/2 x 11, White, 5x5,...","This professional-grade cordless drill delivers the power and precision you need for any project. Features a high-performance motor, long-lasting battery, and ergonomic design for comfortable extended use. Perfect for drilling, driving screws, and tackle both light household tasks and demanding professional jobs. Trusted by contractors and DIY enthusiasts alike.",https://via.placeholder.com/400x400/f8fafc/475569?text=Amazon%2BProduct,https://www.amazon.com/dp/B006OI2ATG?tag=trueessent001-20,ampad-efficiency-quadrille-pad-8-12-x-11-white-5x5,,2/9/2026 10:44am
"(Pack of 12 2 X 1.5V AAA Battery Holder with Leads, AAA...",Experience the quality and reliability of this premium holder. Carefully designed with attention to detail and built to meet high standards. Popular among customers for its excellent value and dependable performance. Perfect for those seeking a trustworthy solution that delivers on its promises. See why customers recommend this choice!,https://m.media-amazon.com/images/I/21t6H5ESXiL.jpg,https://www.amazon.com/dp/B07CSXD875?tag=trueessent001-20,pack-of-12-2-x-15v-aaa-battery-holder-with-leads-aaa,Automotive,2/10/2026 10:03am
RotoZip GP8 1/8-Inch Drywall Guidepoint Cutting Bits...,Experience the quality and reliability of this premium bits. Carefully designed with attention to detail and built to meet high standards. Popular among customers for its excellent value and dependable performance. Perfect for those seeking a trustworthy solution that delivers on its promises. See why customers recommend this choice!,https://m.media-amazon.com/images/I/41TEWduOKiL.jpg,https://www.amazon.com/dp/B002FPX1F4?tag=trueessent001-20,rotozip-gp8-18-inch-drywall-guidepoint-cutting-bits,Automotive,2/10/2026 10:16am
Champion Cutting Tool CT7-5/8 Inch Tungsten Carbide...,Experience the quality and reliability of this premium tool. Carefully designed with attention to detail and built to meet high standards. Popular among customers for its excellent value and dependable performance. Perfect for those seeking a trustworthy solution that delivers on its promises. See why customers recommend this choice!,https://m.media-amazon.com/images/I/31DH9P6HKGL.jpg,https://www.amazon.com/dp/B0002PS7GC?tag=trueessent001-20,champion-cutting-tool-ct7-58-inch-tungsten-carbide,Automotive,2/10/2026 10:18am
Champion Cutting Tool CT7-5/8 Inch Tungsten Carbide...,Experience the quality and reliability of this premium tool. Carefully designed with attention to detail and built to meet high standards. Popular among customers for its excellent value and dependable performance. Perfect for those seeking a trustworthy solution that delivers on its promises. See why customers recommend this choice!,https://m.media-amazon.com/images/I/31DH9P6HKGL.jpg,https://www.amazon.com/dp/B0002PS7GC?tag=trueessent001-20,champion-cutting-tool-ct7-58-inch-tungsten-carbide,Automotive,2/10/2026 10:18am
Dremel EZ725 70-Piece All-Purpose Rotary Tool Accessory...,Experience the quality and reliability of this premium tool. Carefully designed with attention to detail and built to meet high standards. Popular among customers for its excellent value and dependable performance. Perfect for those seeking a trustworthy solution that delivers on its promises. See why customers recommend this choice!,https://m.media-amazon.com/images/I/5137OfDgAsL.jpg,https://www.amazon.com/dp/B00TODY7YO?tag=trueessent001-20,dremel-ez725-70-piece-all-purpose-rotary-tool-accessory,,2/10/2026 10:19am
Bosch SDT4 1/4 in. to 7/8 in. Titanium-Coated Step Drill Bit,"This professional-grade cordless drill delivers the power and precision you need for any project. Features a high-performance motor, long-lasting battery, and ergonomic design for comfortable extended use. Perfect for drilling, driving screws, and tackle both light household tasks and demanding professional jobs. Trusted by contractors and DIY enthusiasts alike.",https://m.media-amazon.com/images/I/31ENWXrbcIL.jpg,https://www.amazon.com/dp/B000VC8UTA?tag=trueessent001-20,bosch-sdt4-14-in-to-78-in-titanium-coated-step-drill-bit,,2/10/2026 10:21am
Bosch TI2137IM 5/32 in. Impact Tough™ Titanium Nitride...,Experience the quality and reliability of this premium nitride. Carefully designed with attention to detail and built to meet high standards. Popular among customers for its excellent value and dependable performance. Perfect for those seeking a trustworthy solution that delivers on its promises. See why customers recommend this choice!,https://m.media-amazon.com/images/I/31InF3m43PL.jpg,https://www.amazon.com/dp/B01H0NUWHU?tag=trueessent001-20,bosch-ti2137im-532-in-impact-tough-titanium-nitride,Automotive,2/10/2026 10:22am
Bosch TI2143IM 1/4 in. Impact Tough™ Titanium Nitride...,Experience the quality and reliability of this premium nitride. Carefully designed with attention to detail and built to meet high standards. Popular among customers for its excellent value and dependable performance. Perfect for those seeking a trustworthy solution that delivers on its promises. See why customers recommend this choice!,https://m.media-amazon.com/images/I/31LSu4AFgaL.jpg,https://www.amazon.com/dp/B01H0NV0UI?tag=trueessent001-20,bosch-ti2143im-14-in-impact-tough-titanium-nitride,Automotive,2/10/2026 10:23am
Bosch TI2151IM 3/8 in. Impact Tough™ Titanium Nitride...,Experience the quality and reliability of this premium nitride. Carefully designed with attention to detail and built to meet high standards. Popular among customers for its excellent value and dependable performance. Perfect for those seeking a trustworthy solution that delivers on its promises. See why customers recommend this choice!,https://m.media-amazon.com/images/I/31nZ0dt1VsL.jpg,https://www.amazon.com/dp/B01H0NVAF8?tag=trueessent001-20,bosch-ti2151im-38-in-impact-tough-titanium-nitride,Automotive,2/10/2026 10:23am
"Wiha 79443 X-Selector Bit Set With Slotted, Phillips,...",Experience the quality and reliability of this premium set. Carefully designed with attention to detail and built to meet high standards. Popular among customers for its excellent value and dependable performance. Perfect for those seeking a trustworthy solution that delivers on its promises. See why customers recommend this choice!,https://m.media-amazon.com/images/I/41cNU2fOKyL.jpg,https://www.amazon.com/dp/B002R0ERNW?tag=trueessent001-20,wiha-79443-x-selector-bit-set-with-slotted-phillips,Automotive,2/10/2026 10:25am
"Windshield Removal Tool, Window Removal Tool,...",Experience the quality and reliability of this premium tool. Carefully designed with attention to detail and built to meet high standards. Popular among customers for its excellent value and dependable performance. Perfect for those seeking a trustworthy solution that delivers on its promises. See why customers recommend this choice!,https://m.media-amazon.com/images/I/31yP5SK6P7L.jpg,https://www.amazon.com/dp/B07WZTN93P?tag=trueessent001-20,windshield-removal-tool-window-removal-tool,Automotive,2/10/2026 10:26am
HURRICANE 4 Piece Wood Chisel Set for Woodworking. CR-V...,Experience the quality and reliability of this premium set. Carefully designed with attention to detail and built to meet high standards. Popular among customers for its excellent value and dependable performance. Perfect for those seeking a trustworthy solution that delivers on its promises. See why customers recommend this choice!,https://m.media-amazon.com/images/I/418vhG5-oOL.jpg,https://www.amazon.com/dp/B07GGYNHSQ?tag=trueessent001-20,hurricane-4-piece-wood-chisel-set-for-woodworking-cr-v,Automotive,2/10/2026 10:28am
HURRICANE 4 Piece Wood Chisel Set for Woodworking. CR-V...,Experience the quality and reliability of this premium set. Carefully designed with attention to detail and built to meet high standards. Popular among customers for its excellent value and dependable performance. Perfect for those seeking a trustworthy solution that delivers on its promises. See why customers recommend this choice!,https://via.placeholder.com/400x400/f8fafc/475569?text=Amazon%2BProduct,https://www.amazon.com/dp/B07GGYNHSQ?tag=trueessent001-20,hurricane-4-piece-wood-chisel-set-for-woodworking-cr-v,Automotive,2/10/2026 10:28am
"IRWIN Screw Extractor, Spiral Flute, 6-Piece (53545)",Experience the quality and reliability of this premium (53545). Carefully designed with attention to detail and built to meet high standards. Popular among customers for its excellent value and dependable performance. Perfect for those seeking a trustworthy solution that delivers on its promises. See why customers recommend this choice!,https://m.media-amazon.com/images/I/41xG8Yh0rlL._AC_SL1000_.jpg,https://www.amazon.com/dp/B001D1FXDE?tag=trueessent001-20,irwin-screw-extractor-spiral-flute-6-piece-53545,,2/10/2026 10:30am
20 Mil Black Waterproof Tarp 7×9.5ft Heavy Duty Canvas...,"Tired of worrying about unpredictable weather ruining your outdoor plans? Meet your new best friend - the 20 Mil Black Waterproof Tarp! Protect yourself from rain, snow, and wind with its PVC 5000mm waterproof shield. Whether you need a hammock shelter, tent footprint, or instant shade, this tarp’s got you covered at 7x9.5 ft. And here’s the clincher - hassle-free customer service. If you face any issues, just shoot us an email and we’ll sort it out pronto. Choose convenience, versatility, and peace of mind. Upgrade your outdoor game today! Add to cart now and say goodbye to weather woes.",https://m.media-amazon.com/images/I/513Rq3jMBPL.jpg,https://www.amazon.com/dp/B0C2W1XLPB?tag=trueessent001-20,20-mil-black-waterproof-tarp-795ft-heavy-duty-canvas,,2/10/2026 10:51am
Garrett THD Metal Detector,Experience the quality and reliability of this premium detector. Carefully designed with attention to detail and built to meet high standards. Popular among customers for its excellent value and dependable performance. Perfect for those seeking a trustworthy solution that delivers on its promises. See why customers recommend this choice!,https://m.media-amazon.com/images/I/21Gh1zEvhxL.jpg,https://www.amazon.com/dp/B000EEH5HS?tag=trueessent001-20,garrett-thd-metal-detector,Automotive,2/10/2026 10:52am
"Pro&#39;sKit 900-215 Nibbler, Multi",Experience the quality and reliability of this premium kit. Carefully designed with attention to detail and built to meet high standards. Popular among customers for its excellent value and dependable performance. Perfect for those seeking a trustworthy solution that delivers on its promises. See why customers recommend this choice!,https://m.media-amazon.com/images/I/21+OcPZbnEL.jpg,https://www.amazon.com/dp/B000BN60XW?tag=trueessent001-20,pro39skit-900-215-nibbler-multi,Automotive,2/10/2026 10:53am
J-B Weld 8267 SteelStik Steel Reinforced Epoxy Putty...,Experience the quality and reliability of this premium putty. Carefully designed with attention to detail and built to meet high standards. Popular among customers for its excellent value and dependable performance. Perfect for those seeking a trustworthy solution that delivers on its promises. See why customers recommend this choice!,https://m.media-amazon.com/images/I/214SLropeKL.jpg,https://www.amazon.com/dp/B00RN7CT2U?tag=trueessent001-20,j-b-weld-8267-steelstik-steel-reinforced-epoxy-putty,Automotive,2/10/2026 10:54am
"Fluke 88V Deluxe Automotive Multimeter, Troubleshoot...",Experience the quality and reliability of this premium troubleshoot. Carefully designed with attention to detail and built to meet high standards. Popular among customers for its excellent value and dependable performance. Perfect for those seeking a trustworthy solution that delivers on its promises. See why customers recommend this choice!,https://m.media-amazon.com/images/I/21+OcPZbnEL.jpg,https://www.amazon.com/dp/B000WTB67K?tag=trueessent001-20,fluke-88v-deluxe-automotive-multimeter-troubleshoot,Automotive,2/10/2026 11:30am
Dispensing Gun Kit Mixing Dispenser Gun with Mixing...,Experience the quality and reliability of this premium kit. Carefully designed with attention to detail and built to meet high standards. Popular among customers for its excellent value and dependable performance. Perfect for those seeking a trustworthy solution that delivers on its promises. See why customers recommend this choice!,https://m.media-amazon.com/images/I/41IiwS3tdIL.jpg,https://www.amazon.com/dp/B0DCFMWDDX?tag=trueessent001-20,dispensing-gun-kit-mixing-dispenser-gun-with-mixing,Automotive,2/10/2026 11:44am
"Fiskars Pro PowerArc Shop Shears, Heavy Duty Stainless...",Experience the quality and reliability of this premium stainless. Carefully designed with attention to detail and built to meet high standards. Popular among customers for its excellent value and dependable performance. Perfect for those seeking a trustworthy solution that delivers on its promises. See why customers recommend this choice!,https://m.media-amazon.com/images/I/41LMqrG-l9L.jpg,https://www.amazon.com/dp/B01MU7C7MZ?tag=trueessent001-20,fiskars-pro-powerarc-shop-shears-heavy-duty-stainless,Automotive,2/10/2026 11:47am
"Personal Identification Marker - Tactical Helmet Light,...","Upgrade your lighting with this energy-efficient LED solution. Provides bright, consistent illumination while reducing energy costs. Easy to install and built to last, offering reliable performance for years. Perfect for enhancing ambiance, improving visibility, or replacing outdated lighting fixtures.",https://m.media-amazon.com/images/I/21CYd+U2CmL.jpg,https://www.amazon.com/dp/B0BZ8GC1HJ?tag=trueessent001-20,personal-identification-marker---tactical-helmet-light,,2/10/2026 11:54am
"20 PCS Alligator Clips Electrical, 5-Color 21.5inch Test...",Experience the quality and reliability of this premium test. Carefully designed with attention to detail and built to meet high standards. Popular among customers for its excellent value and dependable performance. Perfect for those seeking a trustworthy solution that delivers on its promises. See why customers recommend this choice!,https://m.media-amazon.com/images/I/21+OcPZbnEL.jpg,https://www.amazon.com/dp/B0995KJWR5?tag=trueessent001-20,20-pcs-alligator-clips-electrical-5-color-215inch-test,,2/10/2026 11:59am
Cynamed Rochester Carmalt Hemostatic Forceps with Cross...,Experience the quality and reliability of this premium cross. Carefully designed with attention to detail and built to meet high standards. Popular among customers for its excellent value and dependable performance. Perfect for those seeking a trustworthy solution that delivers on its promises. See why customers recommend this choice!,https://m.media-amazon.com/images/I/21+OcPZbnEL.jpg,https://www.amazon.com/dp/B07W883LH8?tag=trueessent001-20,cynamed-rochester-carmalt-hemostatic-forceps-with-cross,Automotive,2/10/2026 12:00pm
DC 3-24V Electronic Buzzer Alarm Sounder Continuous Beep...,"Protect what matters most with this advanced security solution. Features cutting-edge technology for reliable monitoring and peace of mind. Easy to set up and integrate with existing systems. Whether for home or business use, this device provides the security features you need to stay protected.",https://m.media-amazon.com/images/I/51W7eidqGAL.jpg,https://www.amazon.com/dp/B07QBP1W5L?tag=trueessent001-20,dc-3-24v-electronic-buzzer-alarm-sounder-continuous-beep,,2/12/2026 9:51am
Hazard Class 1 D.O.T. Explosives 1.4S Hazmat Labels 4x4...,Experience the quality and reliability of this premium 4x4. Carefully designed with attention to detail and built to meet high standards. Popular among customers for its excellent value and dependable performance. Perfect for those seeking a trustworthy solution that delivers on its promises. See why customers recommend this choice!,https://m.media-amazon.com/images/I/31ZYAiiEzML.jpg,https://www.amazon.com/dp/B01N0VEMH3?tag=trueessent001-20,hazard-class-1-dot-explosives-14s-hazmat-labels-4x4,Automotive,2/12/2026 10:06am
"Avery Printable Shipping Labels with Sure Feed,...","Experience the quality and reliability of this premium feed,. Carefully designed with attention to detail and built to meet high standards. Popular among customers for its excellent value and dependable performance. Perfect for those seeking a trustworthy solution that delivers on its promises. See why customers recommend this choice!",https://m.media-amazon.com/images/I/31rpvVh85CL.jpg,https://www.amazon.com/dp/B000093L1K?tag=trueessent001-20,avery-printable-shipping-labels-with-sure-feed,Automotive,2/12/2026 1:28pm
Glarks 240Pcs 3.9mm Brass Male and Female Bullet...,Experience the quality and reliability of this premium bullet. Carefully designed with attention to detail and built to meet high standards. Popular among customers for its excellent value and dependable performance. Perfect for those seeking a trustworthy solution that delivers on its promises. See why customers recommend this choice!,https://m.media-amazon.com/images/I/214SLropeKL.jpg,https://www.amazon.com/dp/B07FCG92NM?tag=trueessent001-20,glarks-240pcs-39mm-brass-male-and-female-bullet,Automotive,2/12/2026 2:41pm
"Personal Identification Marker - Tactical Helmet Light,...","Upgrade your lighting with this energy-efficient LED solution. Provides bright, consistent illumination while reducing energy costs. Easy to install and built to last, offering reliable performance for years. Perfect for enhancing ambiance, improving visibility, or replacing outdated lighting fixtures.",https://m.media-amazon.com/images/I/21CYd+U2CmL.jpg,https://www.amazon.com/dp/B0BZ8K34Y1?tag=trueessent001-20,personal-identification-marker---tactical-helmet-light,,2/17/2026 10:17am
"Transfer Tape for Vinyl, 24 inch x 100 feet, Paper with...",Experience the quality and reliability of this premium with. Carefully designed with attention to detail and built to meet high standards. Popular among customers for its excellent value and dependable performance. Perfect for those seeking a trustworthy solution that delivers on its promises. See why customers recommend this choice!,https://m.media-amazon.com/images/I/214SLropeKL.jpg,https://www.amazon.com/dp/B09K11MQM8?tag=trueessent001-20,transfer-tape-for-vinyl-24-inch-x-100-feet-paper-with,Automotive,2/17/2026 2:07pm
Test Product,This is a test product.,https://via.placeholder.com/400x400,https://www.amazon.com/dp/B08N5WRWNW?tag=test-20,test-product,Miscellaneous,
THORNE - Basic Nutrients 2/Day - Comprehensive Daily...,Experience the quality and reliability of this premium daily. Carefully designed with attention to detail and built to meet high standards. Popular among customers for its excellent value and dependable performance. Perfect for those seeking a trustworthy solution that delivers on its promises. See why customers recommend this choice!,https://m.media-amazon.com/images/I/31OOEkCU3CL.jpg,https://www.amazon.com/dp/B00FOTMGTU?tag=trueessent001-20,thorne-basic-nutrients-2-day-comprehensive-daily,Automotive,